<?xml version = '1.0' encoding = 'UTF-8'?>
<FKIndexAssociation class="oracle.dbtools.crest.model.design.relational.FKIndexAssociation" directorySegmentName="seg_0" id="01231983-149A-FD15-A502-BBCE5C1CAC6C" containerWithKeyObject="F528A234-3D23-1241-07C3-83168627ED4E" localFKIndex="2267EFC0-BF50-4CFD-DC34-D815258C9683" name="Productos_SMercados_FK">
<createdBy>Gabriela</createdBy>
<createdTime>2023-10-01 23:19:52 UTC</createdTime>
<generatorID>C846EE08-6810-7898-523E-A4BB471810ED</generatorID>
<ownerDesignName>2intento</ownerDesignName>
<referredTableLongName>SMercados</referredTableLongName>
<deleteRule>NO ACTION</deleteRule>
<referredTableID>7A942F72-EAB5-4BB8-0357-42069F71E7F5</referredTableID>
<keyObject>8F67C018-4B0E-B7F5-1C79-39F0258D659F</keyObject>
<referredKeyID>8F67C018-4B0E-B7F5-1C79-39F0258D659F</referredKeyID>
<mandatory>false</mandatory>
<refColNames>nombre</refColNames>
<transferable>true</transferable>
<rely>false</rely>
<columnDependencyConstraintGenerateInDDL>true</columnDependencyConstraintGenerateInDDL>
</FKIndexAssociation>