<?xml version = '1.0' encoding = 'UTF-8'?>
<FKIndexAssociation class="oracle.dbtools.crest.model.design.relational.FKIndexAssociation" directorySegmentName="seg_0" id="068832D9-AF06-BDD0-CD13-36E934E5CF3C" containerWithKeyObject="4E1E5B83-5C08-67E0-D237-8C6D3DF3713C" localFKIndex="6542E743-A06A-646E-A213-AE30676AD5AB" name="PrestamosUt_Consumos_FK">
<createdBy>Gabriela</createdBy>
<createdTime>2023-10-01 23:19:52 UTC</createdTime>
<generatorID>E9F7DA9A-AD83-FDC2-EC89-57188AF5BBB5</generatorID>
<ownerDesignName>2intento</ownerDesignName>
<referredTableLongName>Consumos</referredTableLongName>
<deleteRule>NO ACTION</deleteRule>
<referredTableID>A3676A12-D8BF-20B9-5743-40838F8BC74F</referredTableID>
<keyObject>D96A65AF-349A-3EC5-ED63-AEA25382E023</keyObject>
<referredKeyID>D96A65AF-349A-3EC5-ED63-AEA25382E023</referredKeyID>
<mandatory>false</mandatory>
<refColNames>IdConsumo</refColNames>
<transferable>true</transferable>
<rely>false</rely>
<columnDependencyConstraintGenerateInDDL>true</columnDependencyConstraintGenerateInDDL>
</FKIndexAssociation>