<?xml version = '1.0' encoding = 'UTF-8'?>
<FKIndexAssociation class="oracle.dbtools.crest.model.design.relational.FKIndexAssociation" directorySegmentName="seg_0" id="0710E252-5FE0-6CEF-B880-5CAD1FEB35B3" containerWithKeyObject="C30D3B91-6A91-1E55-B49E-6CF8813D1242" localFKIndex="048839F7-2F85-3C29-730B-1CE376E310B2" name="Reservas_Usuarios_FK">
<createdBy>Gabriela</createdBy>
<createdTime>2023-10-01 23:19:52 UTC</createdTime>
<generatorID>DF03467B-72BE-0358-257E-A0814B55188D</generatorID>
<ownerDesignName>2intento</ownerDesignName>
<referredTableLongName>Usuarios</referredTableLongName>
<deleteRule>NO ACTION</deleteRule>
<referredTableID>8DF4BD20-0CF9-187B-E74F-899DDFE2B5B9</referredTableID>
<keyObject>5625DCE2-95B1-6EB5-8296-E0787E39F1BF</keyObject>
<referredKeyID>5625DCE2-95B1-6EB5-8296-E0787E39F1BF</referredKeyID>
<mandatory>true</mandatory>
<refColNames>id</refColNames>
<transferable>true</transferable>
<rely>false</rely>
<columnDependencyConstraintGenerateInDDL>true</columnDependencyConstraintGenerateInDDL>
</FKIndexAssociation>