<?xml version = '1.0' encoding = 'UTF-8'?>
<FKIndexAssociation class="oracle.dbtools.crest.model.design.relational.FKIndexAssociation" directorySegmentName="seg_0" id="16CF9E41-0CA4-1382-2E79-EC7027945B63" containerWithKeyObject="AA9604DD-2605-8EED-6915-8CDE9490E4DC" localFKIndex="52AF7F0B-6149-628D-CA40-AAD526D31F00" name="RestPlato_Platos_FK">
<createdBy>Gabriela</createdBy>
<createdTime>2023-10-01 23:19:52 UTC</createdTime>
<generatorID>33EAC3AB-E512-A02E-5B66-E573B7B736FC</generatorID>
<ownerDesignName>2intento</ownerDesignName>
<referredTableLongName>Platos</referredTableLongName>
<deleteRule>NO ACTION</deleteRule>
<referredTableID>021D09F0-5751-6B54-91A7-A05F01129DA3</referredTableID>
<keyObject>A3982B0F-8502-81CF-2021-5015EEFB8DFC</keyObject>
<referredKeyID>A3982B0F-8502-81CF-2021-5015EEFB8DFC</referredKeyID>
<mandatory>true</mandatory>
<refColNames>nombre</refColNames>
<transferable>true</transferable>
<rely>false</rely>
<columnDependencyConstraintGenerateInDDL>true</columnDependencyConstraintGenerateInDDL>
</FKIndexAssociation>