<?xml version = '1.0' encoding = 'UTF-8'?>
<FKIndexAssociation class="oracle.dbtools.crest.model.design.relational.FKIndexAssociation" directorySegmentName="seg_0" id="1F96795D-BDCE-0B2E-95D2-BA5860D36465" containerWithKeyObject="8EE2486E-9FA0-E924-065C-3BF8AF982418" localFKIndex="A8502A14-8DBB-1CF0-5A09-15EB477C493C" name="consumoBebida_Bebidas_FK">
<createdBy>Gabriela</createdBy>
<createdTime>2023-10-01 23:19:51 UTC</createdTime>
<generatorID>6924E7B4-356A-835B-92F7-0EF4CCBF4BA7</generatorID>
<ownerDesignName>2intento</ownerDesignName>
<referredTableLongName>Bebidas</referredTableLongName>
<deleteRule>NO ACTION</deleteRule>
<referredTableID>1231E5D0-EBA4-B223-3E56-FF3004DA60CD</referredTableID>
<keyObject>4C10EA7A-0ABA-0AD5-09FB-2AE61396D70F</keyObject>
<referredKeyID>4C10EA7A-0ABA-0AD5-09FB-2AE61396D70F</referredKeyID>
<mandatory>true</mandatory>
<refColNames>nombre</refColNames>
<transferable>true</transferable>
<rely>false</rely>
<columnDependencyConstraintGenerateInDDL>true</columnDependencyConstraintGenerateInDDL>
</FKIndexAssociation>