<?xml version = '1.0' encoding = 'UTF-8'?>
<FKIndexAssociation class="oracle.dbtools.crest.model.design.relational.FKIndexAssociation" directorySegmentName="seg_0" id="296B0026-1384-D778-BF27-CD81BC93A0D1" containerWithKeyObject="C30D3B91-6A91-1E55-B49E-6CF8813D1242" localFKIndex="5B47937F-4838-98D2-BB33-DB55C159AE57" name="Reservas_PlanesConsumo_FK">
<createdBy>Gabriela</createdBy>
<createdTime>2023-10-01 23:19:52 UTC</createdTime>
<generatorID>35ABACD8-690E-5EA1-087A-82E80CFA73ED</generatorID>
<ownerDesignName>2intento</ownerDesignName>
<referredTableLongName>PlanesConsumo</referredTableLongName>
<deleteRule>NO ACTION</deleteRule>
<referredTableID>FF5BA984-FFB3-30BC-5291-30E7BE3C54C5</referredTableID>
<keyObject>C146DC28-0AC5-B4CC-8DC6-0A380A4E440C</keyObject>
<referredKeyID>C146DC28-0AC5-B4CC-8DC6-0A380A4E440C</referredKeyID>
<mandatory>false</mandatory>
<refColNames>tipo</refColNames>
<transferable>true</transferable>
<rely>false</rely>
<columnDependencyConstraintGenerateInDDL>true</columnDependencyConstraintGenerateInDDL>
</FKIndexAssociation>