<?xml version = '1.0' encoding = 'UTF-8'?>
<FKIndexAssociation class="oracle.dbtools.crest.model.design.relational.FKIndexAssociation" directorySegmentName="seg_0" id="38DA3176-7059-D927-6074-C8BA386C9143" containerWithKeyObject="A2B84002-9518-5399-AD8D-43C6A243F683" localFKIndex="A8BA6531-7416-4D23-A2F9-DA602A976A6A" name="ReservasSalon_Salones_FK">
<createdBy>Gabriela</createdBy>
<createdTime>2023-10-01 23:19:52 UTC</createdTime>
<generatorID>D2A73444-3C9E-1432-7B64-21DB371DC643</generatorID>
<ownerDesignName>2intento</ownerDesignName>
<referredTableLongName>Salones</referredTableLongName>
<deleteRule>NO ACTION</deleteRule>
<referredTableID>EC3DAD03-895F-83D1-AA5D-314F5EC96406</referredTableID>
<keyObject>F0445140-6934-4455-9028-179A148BE1BC</keyObject>
<referredKeyID>F0445140-6934-4455-9028-179A148BE1BC</referredKeyID>
<mandatory>true</mandatory>
<refColNames>nombre</refColNames>
<transferable>true</transferable>
<rely>false</rely>
<columnDependencyConstraintGenerateInDDL>true</columnDependencyConstraintGenerateInDDL>
</FKIndexAssociation>