<?xml version = '1.0' encoding = 'UTF-8'?>
<FKIndexAssociation class="oracle.dbtools.crest.model.design.relational.FKIndexAssociation" directorySegmentName="seg_0" id="4191AF3E-A102-2E20-5100-8B1DDBC92E5B" containerWithKeyObject="CCB4A3A2-1F70-F4E3-1B09-9A14A28A2DA0" localFKIndex="720DFC6A-639E-D87C-7F23-A326DEDE879E" name="Utensilios_PrestamosUt_FK">
<createdBy>Gabriela</createdBy>
<createdTime>2023-10-01 23:19:52 UTC</createdTime>
<generatorID>287F3203-DDF0-6E47-7959-766E1A07F837</generatorID>
<ownerDesignName>2intento</ownerDesignName>
<referredTableLongName>PrestamosUt</referredTableLongName>
<deleteRule>NO ACTION</deleteRule>
<referredTableID>4E1E5B83-5C08-67E0-D237-8C6D3DF3713C</referredTableID>
<keyObject>E2BDA966-179C-B8A4-24C7-AA9E7B8A1466</keyObject>
<referredKeyID>E2BDA966-179C-B8A4-24C7-AA9E7B8A1466</referredKeyID>
<mandatory>true</mandatory>
<refColNames>idUtensilio</refColNames>
<transferable>true</transferable>
<rely>false</rely>
<columnDependencyConstraintGenerateInDDL>true</columnDependencyConstraintGenerateInDDL>
</FKIndexAssociation>