<?xml version = '1.0' encoding = 'UTF-8'?>
<FKIndexAssociation class="oracle.dbtools.crest.model.design.relational.FKIndexAssociation" directorySegmentName="seg_0" id="46DF2CE4-8201-9AA7-929A-1F80A8FDC8FB" containerWithKeyObject="C3C4A2E4-54CB-6164-7D3D-5D8DF694CB30" localFKIndex="BBB8E942-536F-B8A4-CB3B-DC715B0BD5AF" name="platosConsumidos_Platos_FK">
<createdBy>Gabriela</createdBy>
<createdTime>2023-10-01 23:19:52 UTC</createdTime>
<generatorID>F3D8B420-1027-23CD-9BAB-F72E37F1AF3C</generatorID>
<ownerDesignName>2intento</ownerDesignName>
<referredTableLongName>Platos</referredTableLongName>
<deleteRule>NO ACTION</deleteRule>
<referredTableID>021D09F0-5751-6B54-91A7-A05F01129DA3</referredTableID>
<keyObject>A3982B0F-8502-81CF-2021-5015EEFB8DFC</keyObject>
<referredKeyID>A3982B0F-8502-81CF-2021-5015EEFB8DFC</referredKeyID>
<mandatory>true</mandatory>
<refColNames>nombre</refColNames>
<transferable>true</transferable>
<rely>false</rely>
<columnDependencyConstraintGenerateInDDL>true</columnDependencyConstraintGenerateInDDL>
</FKIndexAssociation>