<?xml version = '1.0' encoding = 'UTF-8'?>
<FKIndexAssociation class="oracle.dbtools.crest.model.design.relational.FKIndexAssociation" directorySegmentName="seg_0" id="6057AC00-504C-8DE8-BE5F-DC916F9C8805" containerWithKeyObject="09CE8697-823A-AFA0-7662-D4CE7067DF04" localFKIndex="E9EAE494-9E42-53EB-1485-792773C561F7" name="Maquinas_Gimnasios_FK">
<createdBy>Gabriela</createdBy>
<createdTime>2023-10-01 23:19:52 UTC</createdTime>
<generatorID>D19B0C15-1951-0DBF-1048-B2DAD72B0750</generatorID>
<ownerDesignName>2intento</ownerDesignName>
<referredTableLongName>Gimnasios</referredTableLongName>
<deleteRule>NO ACTION</deleteRule>
<referredTableID>D54176A4-59F9-27F3-4EE7-1BC46B2AD4DF</referredTableID>
<keyObject>88A4E2BD-8116-130C-0B42-EF27FA0033CB</keyObject>
<referredKeyID>88A4E2BD-8116-130C-0B42-EF27FA0033CB</referredKeyID>
<mandatory>true</mandatory>
<refColNames>nombre</refColNames>
<transferable>true</transferable>
<rely>false</rely>
<columnDependencyConstraintGenerateInDDL>true</columnDependencyConstraintGenerateInDDL>
</FKIndexAssociation>