<?xml version = '1.0' encoding = 'UTF-8'?>
<FKIndexAssociation class="oracle.dbtools.crest.model.design.relational.FKIndexAssociation" directorySegmentName="seg_0" id="62A29048-AB49-4FE7-BF29-294EFD9CDCBA" containerWithKeyObject="4972CD2D-BC82-EA12-631B-BF4F398F4870" localFKIndex="0BBD5199-91A4-1464-238C-1C8CE88B31B4" name="Spas_Consumos_FK">
<createdBy>Gabriela</createdBy>
<createdTime>2023-10-01 23:19:52 UTC</createdTime>
<generatorID>DC87337C-BDAF-1C5A-3F90-71AEDB27B7DB</generatorID>
<ownerDesignName>2intento</ownerDesignName>
<referredTableLongName>Consumos</referredTableLongName>
<deleteRule>NO ACTION</deleteRule>
<referredTableID>A3676A12-D8BF-20B9-5743-40838F8BC74F</referredTableID>
<keyObject>D96A65AF-349A-3EC5-ED63-AEA25382E023</keyObject>
<referredKeyID>D96A65AF-349A-3EC5-ED63-AEA25382E023</referredKeyID>
<mandatory>false</mandatory>
<refColNames>IdConsumo</refColNames>
<transferable>true</transferable>
<rely>false</rely>
<columnDependencyConstraintGenerateInDDL>true</columnDependencyConstraintGenerateInDDL>
</FKIndexAssociation>