<?xml version = '1.0' encoding = 'UTF-8'?>
<FKIndexAssociation class="oracle.dbtools.crest.model.design.relational.FKIndexAssociation" directorySegmentName="seg_0" id="6B810BF6-FB5B-8865-DB8A-82CAB40E429A" containerWithKeyObject="68F87C5B-F9B2-E63C-067C-AEB5456CECD9" localFKIndex="F5630096-1C26-6940-835F-F33251608F65" name="Internets_Consumos_FK">
<createdBy>Gabriela</createdBy>
<createdTime>2023-10-01 23:19:52 UTC</createdTime>
<generatorID>09385FBC-4C75-FAA6-26EB-578E71D8526D</generatorID>
<ownerDesignName>2intento</ownerDesignName>
<referredTableLongName>Consumos</referredTableLongName>
<deleteRule>NO ACTION</deleteRule>
<referredTableID>A3676A12-D8BF-20B9-5743-40838F8BC74F</referredTableID>
<keyObject>D96A65AF-349A-3EC5-ED63-AEA25382E023</keyObject>
<referredKeyID>D96A65AF-349A-3EC5-ED63-AEA25382E023</referredKeyID>
<mandatory>true</mandatory>
<refColNames>IdConsumo</refColNames>
<transferable>true</transferable>
<rely>false</rely>
<columnDependencyConstraintGenerateInDDL>true</columnDependencyConstraintGenerateInDDL>
</FKIndexAssociation>