<?xml version = '1.0' encoding = 'UTF-8'?>
<FKIndexAssociation class="oracle.dbtools.crest.model.design.relational.FKIndexAssociation" directorySegmentName="seg_0" id="7ACC474F-7F6D-E3E3-FCF3-F2758F207C1E" containerWithKeyObject="0F023A15-B7D2-A6DA-856D-0392BEE12093" localFKIndex="1DCFCDC4-B724-E171-20F4-991CD3B2C21E" name="Habitaciones_TiposHab_FK">
<createdBy>Gabriela</createdBy>
<createdTime>2023-10-01 23:19:52 UTC</createdTime>
<generatorID>66D30939-9943-CF4C-9FBA-941CE6C697D1</generatorID>
<ownerDesignName>2intento</ownerDesignName>
<referredTableLongName>TiposHab</referredTableLongName>
<deleteRule>NO ACTION</deleteRule>
<referredTableID>0B578F3C-AF6A-4917-A037-551620BBDD40</referredTableID>
<keyObject>7AA314FE-BEC8-FE74-056E-52CB7F868086</keyObject>
<referredKeyID>7AA314FE-BEC8-FE74-056E-52CB7F868086</referredKeyID>
<mandatory>true</mandatory>
<refColNames>tipo</refColNames>
<transferable>true</transferable>
<rely>false</rely>
<columnDependencyConstraintGenerateInDDL>true</columnDependencyConstraintGenerateInDDL>
</FKIndexAssociation>