<?xml version = '1.0' encoding = 'UTF-8'?>
<FKIndexAssociation class="oracle.dbtools.crest.model.design.relational.FKIndexAssociation" directorySegmentName="seg_0" id="93164081-7D10-6B16-1184-437A02FE3D02" containerWithKeyObject="A3676A12-D8BF-20B9-5743-40838F8BC74F" localFKIndex="4928CF4B-D97B-C1A4-564F-73EBF5C982C0" name="Consumos_PlanesConsumo_FK">
<createdBy>Gabriela</createdBy>
<createdTime>2023-10-01 23:19:52 UTC</createdTime>
<generatorID>C8EBE645-517B-B0AD-C3F5-B0C9FC20A124</generatorID>
<ownerDesignName>2intento</ownerDesignName>
<referredTableLongName>PlanesConsumo</referredTableLongName>
<deleteRule>NO ACTION</deleteRule>
<referredTableID>FF5BA984-FFB3-30BC-5291-30E7BE3C54C5</referredTableID>
<keyObject>C146DC28-0AC5-B4CC-8DC6-0A380A4E440C</keyObject>
<referredKeyID>C146DC28-0AC5-B4CC-8DC6-0A380A4E440C</referredKeyID>
<mandatory>false</mandatory>
<refColNames>tipo</refColNames>
<transferable>true</transferable>
<rely>false</rely>
<columnDependencyConstraintGenerateInDDL>true</columnDependencyConstraintGenerateInDDL>
</FKIndexAssociation>