<?xml version = '1.0' encoding = 'UTF-8'?>
<FKIndexAssociation class="oracle.dbtools.crest.model.design.relational.FKIndexAssociation" directorySegmentName="seg_0" id="A3D68D2C-407B-C85F-93FF-B7CEEFF4C951" containerWithKeyObject="FF5BA984-FFB3-30BC-5291-30E7BE3C54C5" localFKIndex="EDF69912-9263-D460-EBBB-5E71A4701DAF" name="PlanesConsumo_Reservas_FK">
<createdBy>Gabriela</createdBy>
<createdTime>2023-10-01 23:19:52 UTC</createdTime>
<generatorID>35ABACD8-690E-5EA1-087A-82E80CFA73ED</generatorID>
<ownerDesignName>2intento</ownerDesignName>
<referredTableLongName>Reservas</referredTableLongName>
<deleteRule>NO ACTION</deleteRule>
<referredTableID>C30D3B91-6A91-1E55-B49E-6CF8813D1242</referredTableID>
<keyObject>21E76ECD-16D4-A98F-54D2-758051291405</keyObject>
<referredKeyID>21E76ECD-16D4-A98F-54D2-758051291405</referredKeyID>
<mandatory>false</mandatory>
<refColNames>id_reserva</refColNames>
<transferable>true</transferable>
<rely>false</rely>
<columnDependencyConstraintGenerateInDDL>true</columnDependencyConstraintGenerateInDDL>
</FKIndexAssociation>