<?xml version = '1.0' encoding = 'UTF-8'?>
<FKIndexAssociation class="oracle.dbtools.crest.model.design.relational.FKIndexAssociation" directorySegmentName="seg_0" id="A936A80D-14AB-1683-72FF-16CC8AD6C6C6" containerWithKeyObject="20455BB9-BD02-6235-186D-AD54D0C2E976" localFKIndex="6A885120-BD53-13EF-5A86-F067BA5002BB" name="productoConsumo_Consumos_FK">
<createdBy>Gabriela</createdBy>
<createdTime>2023-10-01 23:19:52 UTC</createdTime>
<generatorID>4E4C411B-5E3A-D02B-A27A-071858A7F6C0</generatorID>
<ownerDesignName>2intento</ownerDesignName>
<referredTableLongName>Consumos</referredTableLongName>
<deleteRule>NO ACTION</deleteRule>
<referredTableID>A3676A12-D8BF-20B9-5743-40838F8BC74F</referredTableID>
<keyObject>D96A65AF-349A-3EC5-ED63-AEA25382E023</keyObject>
<referredKeyID>D96A65AF-349A-3EC5-ED63-AEA25382E023</referredKeyID>
<mandatory>true</mandatory>
<refColNames>IdConsumo</refColNames>
<transferable>true</transferable>
<rely>false</rely>
<columnDependencyConstraintGenerateInDDL>true</columnDependencyConstraintGenerateInDDL>
</FKIndexAssociation>