<?xml version = '1.0' encoding = 'UTF-8'?>
<FKIndexAssociation class="oracle.dbtools.crest.model.design.relational.FKIndexAssociation" directorySegmentName="seg_0" id="B798B126-A24F-CEE0-E205-E1CBC3345C94" containerWithKeyObject="478A6A20-706A-7D2F-E279-0A944758D315" localFKIndex="6417518C-FB03-632D-987B-536809721FF4" name="BarBebida_Bebidas_FK">
<createdBy>Gabriela</createdBy>
<createdTime>2023-10-01 23:19:51 UTC</createdTime>
<generatorID>3FD15070-BC9E-7251-F6CB-DF39848A3420</generatorID>
<ownerDesignName>2intento</ownerDesignName>
<referredTableLongName>Bebidas</referredTableLongName>
<deleteRule>NO ACTION</deleteRule>
<referredTableID>1231E5D0-EBA4-B223-3E56-FF3004DA60CD</referredTableID>
<keyObject>4C10EA7A-0ABA-0AD5-09FB-2AE61396D70F</keyObject>
<referredKeyID>4C10EA7A-0ABA-0AD5-09FB-2AE61396D70F</referredKeyID>
<mandatory>true</mandatory>
<refColNames>nombre</refColNames>
<transferable>true</transferable>
<rely>false</rely>
<columnDependencyConstraintGenerateInDDL>true</columnDependencyConstraintGenerateInDDL>
</FKIndexAssociation>