<?xml version = '1.0' encoding = 'UTF-8'?>
<FKIndexAssociation class="oracle.dbtools.crest.model.design.relational.FKIndexAssociation" directorySegmentName="seg_0" id="B848FB98-9F0C-2471-5A48-99F9E1129274" containerWithKeyObject="F528A234-3D23-1241-07C3-83168627ED4E" localFKIndex="C17A5950-BB03-2CA2-1F6D-BA1A2CFF738D" name="Productos_Tiendas_FK">
<createdBy>Gabriela</createdBy>
<createdTime>2023-10-01 23:19:52 UTC</createdTime>
<generatorID>06693CDC-2D3C-715E-712C-1DAF9F720805</generatorID>
<ownerDesignName>2intento</ownerDesignName>
<referredTableLongName>Tiendas</referredTableLongName>
<deleteRule>NO ACTION</deleteRule>
<referredTableID>08B5117A-A759-39A8-16F5-1B0F475C0FC9</referredTableID>
<keyObject>750AF352-2E31-6ECE-BAC4-DFF83CAE9F30</keyObject>
<referredKeyID>750AF352-2E31-6ECE-BAC4-DFF83CAE9F30</referredKeyID>
<mandatory>false</mandatory>
<refColNames>nombre</refColNames>
<transferable>true</transferable>
<rely>false</rely>
<columnDependencyConstraintGenerateInDDL>true</columnDependencyConstraintGenerateInDDL>
</FKIndexAssociation>