<?xml version = '1.0' encoding = 'UTF-8'?>
<FKIndexAssociation class="oracle.dbtools.crest.model.design.relational.FKIndexAssociation" directorySegmentName="seg_0" id="CE1213A4-6622-AEEE-0077-FED4085E1F9A" containerWithKeyObject="7096E7E9-F022-A35C-1FE0-42DCA024A56A" localFKIndex="0C6C1342-8991-8C4A-B658-4BC57B407367" name="RestBebida_Rests_FK">
<createdBy>Gabriela</createdBy>
<createdTime>2023-10-01 23:19:52 UTC</createdTime>
<generatorID>DBD24726-D8E1-72C3-A3F5-3E1CBB89ED1B</generatorID>
<ownerDesignName>2intento</ownerDesignName>
<referredTableLongName>Rests</referredTableLongName>
<deleteRule>NO ACTION</deleteRule>
<referredTableID>9AF2AACD-1388-4512-CFF6-C8AC15D950D2</referredTableID>
<keyObject>2A990B63-FE83-375C-4BA2-7158F9693137</keyObject>
<referredKeyID>2A990B63-FE83-375C-4BA2-7158F9693137</referredKeyID>
<mandatory>true</mandatory>
<refColNames>nombre</refColNames>
<transferable>true</transferable>
<rely>false</rely>
<columnDependencyConstraintGenerateInDDL>true</columnDependencyConstraintGenerateInDDL>
</FKIndexAssociation>