<?xml version = '1.0' encoding = 'UTF-8'?>
<FKIndexAssociation class="oracle.dbtools.crest.model.design.relational.FKIndexAssociation" directorySegmentName="seg_0" id="CF3038AA-DE84-F1DF-EB67-1C40B985A57A" containerWithKeyObject="478A6A20-706A-7D2F-E279-0A944758D315" localFKIndex="83DA79E6-4EFE-DAAB-74DC-83495C9560ED" name="BarBebida_Bares_FK">
<createdBy>Gabriela</createdBy>
<createdTime>2023-10-01 23:19:51 UTC</createdTime>
<generatorID>3FD15070-BC9E-7251-F6CB-DF39848A3420</generatorID>
<ownerDesignName>2intento</ownerDesignName>
<referredTableLongName>Bares</referredTableLongName>
<deleteRule>NO ACTION</deleteRule>
<referredTableID>861A3ADC-F577-C3E7-3567-B7AA766695D4</referredTableID>
<keyObject>C31829B2-966C-803E-69D3-CBDB521FD4A4</keyObject>
<referredKeyID>C31829B2-966C-803E-69D3-CBDB521FD4A4</referredKeyID>
<mandatory>true</mandatory>
<refColNames>nombre</refColNames>
<transferable>true</transferable>
<rely>false</rely>
<columnDependencyConstraintGenerateInDDL>true</columnDependencyConstraintGenerateInDDL>
</FKIndexAssociation>