<?xml version = '1.0' encoding = 'UTF-8'?>
<FKIndexAssociation class="oracle.dbtools.crest.model.design.relational.FKIndexAssociation" directorySegmentName="seg_0" id="DEE637C1-1F52-9090-3AB6-2A6843B9FEE2" containerWithKeyObject="0F023A15-B7D2-A6DA-856D-0392BEE12093" localFKIndex="EC070071-0DAF-484B-4413-C08ACA141D9E" name="Habitaciones_Reservas_FK">
<createdBy>Gabriela</createdBy>
<createdTime>2023-10-01 23:19:52 UTC</createdTime>
<generatorID>C885B6C1-984A-80E7-9AED-071E94462E5D</generatorID>
<ownerDesignName>2intento</ownerDesignName>
<referredTableLongName>Reservas</referredTableLongName>
<deleteRule>NO ACTION</deleteRule>
<referredTableID>C30D3B91-6A91-1E55-B49E-6CF8813D1242</referredTableID>
<keyObject>21E76ECD-16D4-A98F-54D2-758051291405</keyObject>
<referredKeyID>21E76ECD-16D4-A98F-54D2-758051291405</referredKeyID>
<mandatory>false</mandatory>
<refColNames>id_reserva</refColNames>
<transferable>true</transferable>
<rely>false</rely>
<columnDependencyConstraintGenerateInDDL>true</columnDependencyConstraintGenerateInDDL>
</FKIndexAssociation>