<?xml version = '1.0' encoding = 'UTF-8'?>
<FKIndexAssociation class="oracle.dbtools.crest.model.design.relational.FKIndexAssociation" directorySegmentName="seg_0" id="E1BFFCD8-8F45-CEE6-832A-58573ACB4AAD" containerWithKeyObject="B63D17E6-0692-C1E5-03ED-823F1ED13A4B" localFKIndex="A278274F-43B5-5023-DACE-252AB9D83A79" name="ReservasSpa_Spas_FK">
<createdBy>Gabriela</createdBy>
<createdTime>2023-10-01 23:19:52 UTC</createdTime>
<generatorID>EB2D5412-5CCE-F1C6-05DE-089B0D44342B</generatorID>
<ownerDesignName>2intento</ownerDesignName>
<referredTableLongName>Spas</referredTableLongName>
<deleteRule>NO ACTION</deleteRule>
<referredTableID>4972CD2D-BC82-EA12-631B-BF4F398F4870</referredTableID>
<keyObject>91DFC755-7F15-952C-6A5C-262ADC640903</keyObject>
<referredKeyID>91DFC755-7F15-952C-6A5C-262ADC640903</referredKeyID>
<mandatory>false</mandatory>
<refColNames>nombre</refColNames>
<transferable>true</transferable>
<rely>false</rely>
<columnDependencyConstraintGenerateInDDL>true</columnDependencyConstraintGenerateInDDL>
</FKIndexAssociation>