<?xml version = '1.0' encoding = 'UTF-8'?>
<FKIndexAssociation class="oracle.dbtools.crest.model.design.relational.FKIndexAssociation" directorySegmentName="seg_0" id="E521841D-6478-F908-DBE2-21D592439795" containerWithKeyObject="CBB10A98-AB56-AF2D-C66F-57C93EE37717" localFKIndex="675D8203-2939-069B-84CC-AA8134861233" name="Piscinas_Consumos_FK">
<createdBy>Gabriela</createdBy>
<createdTime>2023-10-01 23:19:52 UTC</createdTime>
<generatorID>CAAA884F-36AA-0DCF-59B2-30F9C5FD1CD7</generatorID>
<ownerDesignName>2intento</ownerDesignName>
<referredTableLongName>Consumos</referredTableLongName>
<deleteRule>NO ACTION</deleteRule>
<referredTableID>A3676A12-D8BF-20B9-5743-40838F8BC74F</referredTableID>
<keyObject>D96A65AF-349A-3EC5-ED63-AEA25382E023</keyObject>
<referredKeyID>D96A65AF-349A-3EC5-ED63-AEA25382E023</referredKeyID>
<mandatory>true</mandatory>
<refColNames>IdConsumo</refColNames>
<transferable>true</transferable>
<rely>false</rely>
<columnDependencyConstraintGenerateInDDL>true</columnDependencyConstraintGenerateInDDL>
</FKIndexAssociation>