<?xml version = '1.0' encoding = 'UTF-8'?>
<FKIndexAssociation class="oracle.dbtools.crest.model.design.relational.FKIndexAssociation" directorySegmentName="seg_0" id="EF72636B-E4F5-EB61-9559-A9BC6B714B3E" containerWithKeyObject="20455BB9-BD02-6235-186D-AD54D0C2E976" localFKIndex="BFD48DAB-D8D1-0B90-2321-50D834F2A366" name="productoConsumo_Productos_FK">
<createdBy>Gabriela</createdBy>
<createdTime>2023-10-01 23:19:52 UTC</createdTime>
<generatorID>4E4C411B-5E3A-D02B-A27A-071858A7F6C0</generatorID>
<ownerDesignName>2intento</ownerDesignName>
<referredTableLongName>Productos</referredTableLongName>
<deleteRule>NO ACTION</deleteRule>
<referredTableID>F528A234-3D23-1241-07C3-83168627ED4E</referredTableID>
<keyObject>E21AA65A-327F-D71D-BB35-E8DDFDBA7149</keyObject>
<referredKeyID>E21AA65A-327F-D71D-BB35-E8DDFDBA7149</referredKeyID>
<mandatory>true</mandatory>
<refColNames>nombre</refColNames>
<transferable>true</transferable>
<rely>false</rely>
<columnDependencyConstraintGenerateInDDL>true</columnDependencyConstraintGenerateInDDL>
</FKIndexAssociation>