<?xml version = '1.0' encoding = 'UTF-8'?>
<FKIndexAssociation class="oracle.dbtools.crest.model.design.relational.FKIndexAssociation" directorySegmentName="seg_0" id="F693C60F-C98F-1C1A-1479-A67B8D5AAEF1" containerWithKeyObject="AA9604DD-2605-8EED-6915-8CDE9490E4DC" localFKIndex="6356B4D0-7BC1-19E3-06F1-4E893064B451" name="RestPlato_Rests_FK">
<createdBy>Gabriela</createdBy>
<createdTime>2023-10-01 23:19:52 UTC</createdTime>
<generatorID>33EAC3AB-E512-A02E-5B66-E573B7B736FC</generatorID>
<ownerDesignName>2intento</ownerDesignName>
<referredTableLongName>Rests</referredTableLongName>
<deleteRule>NO ACTION</deleteRule>
<referredTableID>9AF2AACD-1388-4512-CFF6-C8AC15D950D2</referredTableID>
<keyObject>2A990B63-FE83-375C-4BA2-7158F9693137</keyObject>
<referredKeyID>2A990B63-FE83-375C-4BA2-7158F9693137</referredKeyID>
<mandatory>true</mandatory>
<refColNames>nombre</refColNames>
<transferable>true</transferable>
<rely>false</rely>
<columnDependencyConstraintGenerateInDDL>true</columnDependencyConstraintGenerateInDDL>
</FKIndexAssociation>