<?xml version = '1.0' encoding = 'UTF-8'?>
<FKIndexAssociation class="oracle.dbtools.crest.model.design.relational.FKIndexAssociation" directorySegmentName="seg_0" id="FFF56D73-1911-15F6-42CA-D1023DA991FF" containerWithKeyObject="7096E7E9-F022-A35C-1FE0-42DCA024A56A" localFKIndex="76EC3025-02CB-CC3F-3671-870C78AD1ED5" name="RestBebida_Bebidas_FK">
<createdBy>Gabriela</createdBy>
<createdTime>2023-10-01 23:19:52 UTC</createdTime>
<generatorID>DBD24726-D8E1-72C3-A3F5-3E1CBB89ED1B</generatorID>
<ownerDesignName>2intento</ownerDesignName>
<referredTableLongName>Bebidas</referredTableLongName>
<deleteRule>NO ACTION</deleteRule>
<referredTableID>1231E5D0-EBA4-B223-3E56-FF3004DA60CD</referredTableID>
<keyObject>4C10EA7A-0ABA-0AD5-09FB-2AE61396D70F</keyObject>
<referredKeyID>4C10EA7A-0ABA-0AD5-09FB-2AE61396D70F</referredKeyID>
<mandatory>true</mandatory>
<refColNames>nombre</refColNames>
<transferable>true</transferable>
<rely>false</rely>
<columnDependencyConstraintGenerateInDDL>true</columnDependencyConstraintGenerateInDDL>
</FKIndexAssociation>