<?xml version = '1.0' encoding = 'UTF-8'?>
<Entity class="oracle.dbtools.crest.model.design.logical.Entity" directorySegmentName="seg_0" id="372C55E6-9B1B-C7D1-8269-8E12BC5DFD8B" name="Tiendas">
<createdBy>Gabriela</createdBy>
<createdTime>2023-10-01 23:13:13 UTC</createdTime>
<ownerDesignName>2intento</ownerDesignName>
<importedID>16CABEEC-CBBC-07A0-8A1D-1295EB2099DE</importedID>
<engineerTo>
<item key="D2230F1B-22EC-F16A-D78C-589A39E4601E" value="true"/>
</engineerTo>
<adequatelyNormalized>NO</adequatelyNormalized>
<expectedVolumes>0</expectedVolumes>
<fwdEngineeringStrategyName>Single Table</fwdEngineeringStrategyName>
<growthPercent>0</growthPercent>
<growthType>Year</growthType>
<maxVolumes>9999999</maxVolumes>
<minVolumes>0</minVolumes>
<normalForm>Third</normalForm>
<attributes itemClass="oracle.dbtools.crest.model.design.logical.Attribute">
<Attribute name="nombre" id="CBF9DA19-4B15-301D-CFE2-112C5BDB3F44">
<createdBy>Gabriela</createdBy>
<createdTime>2023-10-01 23:13:13 UTC</createdTime>
<ownerDesignName>2intento</ownerDesignName>
<importedID>F86B738E-EE8B-4636-15B2-C35484E648B0</importedID>
<engineerTo>
<item key="D2230F1B-22EC-F16A-D78C-589A39E4601E" value="true"/>
</engineerTo>
<useDomainConstraints>false</useDomainConstraints>
<use>1</use>
<logicalDatatype>LOGDT024</logicalDatatype>
<dataTypeSize>255</dataTypeSize>
<ownDataTypeParameters>255,,</ownDataTypeParameters>
</Attribute>
<Attribute name="horarioApertura" id="A98F3DF0-C2AE-85C8-6044-E0AAF2D9A7C6">
<createdBy>Gabriela</createdBy>
<createdTime>2023-10-01 23:13:13 UTC</createdTime>
<ownerDesignName>2intento</ownerDesignName>
<importedID>BB49BE10-B102-7B0D-9797-C06620AB601F</importedID>
<engineerTo>
<item key="D2230F1B-22EC-F16A-D78C-589A39E4601E" value="true"/>
</engineerTo>
<nullsAllowed>true</nullsAllowed>
<useDomainConstraints>false</useDomainConstraints>
<use>1</use>
<logicalDatatype>LOGDT014</logicalDatatype>
<ownDataTypeParameters>,,</ownDataTypeParameters>
</Attribute>
<Attribute name="horarioCierre" id="EB8504D8-C9A3-858E-8870-8F2FDA9F1498">
<createdBy>Gabriela</createdBy>
<createdTime>2023-10-01 23:13:13 UTC</createdTime>
<ownerDesignName>2intento</ownerDesignName>
<importedID>3070FBE6-F3D7-F41C-7A61-CA39228259D2</importedID>
<engineerTo>
<item key="D2230F1B-22EC-F16A-D78C-589A39E4601E" value="true"/>
</engineerTo>
<nullsAllowed>true</nullsAllowed>
<useDomainConstraints>false</useDomainConstraints>
<use>1</use>
<logicalDatatype>LOGDT014</logicalDatatype>
<ownDataTypeParameters>,,</ownDataTypeParameters>
</Attribute>
<Attribute name="capacidad" id="C91B61E9-22EF-60D9-268F-1F17D4DAD279">
<createdBy>Gabriela</createdBy>
<createdTime>2023-10-01 23:13:13 UTC</createdTime>
<ownerDesignName>2intento</ownerDesignName>
<importedID>5D2D48E5-EA92-F4D8-6B6C-4BFD9A18F854</importedID>
<engineerTo>
<item key="D2230F1B-22EC-F16A-D78C-589A39E4601E" value="true"/>
</engineerTo>
<useDomainConstraints>false</useDomainConstraints>
<use>1</use>
<logicalDatatype>LOGDT011</logicalDatatype>
<ownDataTypeParameters>,,</ownDataTypeParameters>
</Attribute>
</attributes>
<identifiers itemClass="oracle.dbtools.crest.model.design.logical.CandidateKey">
<identifier id="03270F6A-2548-3E7C-DC44-3B8A0ECDAA10" name="Tienda PK">
<createdBy>Gabriela</createdBy>
<createdTime>2023-10-01 23:13:13 UTC</createdTime>
<ownerDesignName>2intento</ownerDesignName>
<importedID>FA0080B1-9073-C9E0-BF99-527EE2CFA6BF</importedID>
<engineerTo>
<item key="D2230F1B-22EC-F16A-D78C-589A39E4601E" value="true"/>
</engineerTo>
<pk>true</pk>
<usedAttributes>
<attributeRef>CBF9DA19-4B15-301D-CFE2-112C5BDB3F44</attributeRef>
</usedAttributes>
</identifier>
</identifiers>
</Entity>