<?xml version = '1.0' encoding = 'UTF-8'?>
<Entity class="oracle.dbtools.crest.model.design.logical.Entity" directorySegmentName="seg_0" id="379741CC-824C-8E34-209C-30BA9708C2F8" name="Maquinas">
<createdBy>Gabriela</createdBy>
<createdTime>2023-10-01 23:13:13 UTC</createdTime>
<ownerDesignName>2intento</ownerDesignName>
<importedID>A221DEAB-36FE-A534-146A-5EE922E11761</importedID>
<engineerTo>
<item key="D2230F1B-22EC-F16A-D78C-589A39E4601E" value="true"/>
</engineerTo>
<adequatelyNormalized>NO</adequatelyNormalized>
<expectedVolumes>0</expectedVolumes>
<fwdEngineeringStrategyName>Single Table</fwdEngineeringStrategyName>
<growthPercent>0</growthPercent>
<growthType>Year</growthType>
<maxVolumes>9999999</maxVolumes>
<minVolumes>0</minVolumes>
<normalForm>Third</normalForm>
<attributes itemClass="oracle.dbtools.crest.model.design.logical.Attribute">
<Attribute name="nombre" id="33094583-8111-2328-A2F0-777200EBDFA5">
<createdBy>Gabriela</createdBy>
<createdTime>2023-10-01 23:13:13 UTC</createdTime>
<ownerDesignName>2intento</ownerDesignName>
<importedID>39DA7E73-0CCE-2B2F-CB31-617C1E06EF4D</importedID>
<engineerTo>
<item key="D2230F1B-22EC-F16A-D78C-589A39E4601E" value="true"/>
</engineerTo>
<useDomainConstraints>false</useDomainConstraints>
<use>1</use>
<logicalDatatype>LOGDT024</logicalDatatype>
<dataTypeSize>255</dataTypeSize>
<ownDataTypeParameters>255,,</ownDataTypeParameters>
</Attribute>
<Attribute name="nombre1" id="EF5CAB78-57F9-942A-C448-9A8AD5EEB149">
<createdBy>Gabriela</createdBy>
<createdTime>2023-10-01 23:13:13 UTC</createdTime>
<generatorID>D19B0C15-1951-0DBF-1048-B2DAD72B0750</generatorID>
<ownerDesignName>2intento</ownerDesignName>
<importedID>BBE86812-C476-5717-FAC9-BF28B929523C</importedID>
<engineerTo>
<item key="D2230F1B-22EC-F16A-D78C-589A39E4601E" value="true"/>
</engineerTo>
<referedAttribute>1B4A9EAB-22AC-08DC-4E5B-53E5281A82E2</referedAttribute>
<useDomainConstraints>false</useDomainConstraints>
<use>1</use>
<logicalDatatype>LOGDT024</logicalDatatype>
<dataTypeSize>255</dataTypeSize>
<ownDataTypeParameters>255,,</ownDataTypeParameters>
</Attribute>
<Attribute name="id" id="7BCC3CD0-9749-E244-2885-4D004914CD6F">
<createdBy>Gabriela</createdBy>
<createdTime>2023-10-01 23:13:13 UTC</createdTime>
<ownerDesignName>2intento</ownerDesignName>
<importedID>BA2BC21A-8AC8-B021-23AD-B2E6B9ED22FA</importedID>
<engineerTo>
<item key="D2230F1B-22EC-F16A-D78C-589A39E4601E" value="true"/>
</engineerTo>
<useDomainConstraints>false</useDomainConstraints>
<use>1</use>
<logicalDatatype>LOGDT011</logicalDatatype>
<ownDataTypeParameters>,,</ownDataTypeParameters>
</Attribute>
</attributes>
<identifiers itemClass="oracle.dbtools.crest.model.design.logical.CandidateKey">
<identifier id="A5051CC1-67E7-3EFA-A3D0-5DF5ABF57489" name="Maquina PK">
<createdBy>Gabriela</createdBy>
<createdTime>2023-10-01 23:13:13 UTC</createdTime>
<ownerDesignName>2intento</ownerDesignName>
<importedID>F4653D87-B847-3DFA-3D1D-83AB9044AD3D</importedID>
<engineerTo>
<item key="D2230F1B-22EC-F16A-D78C-589A39E4601E" value="true"/>
</engineerTo>
<pk>true</pk>
<usedAttributes>
<attributeRef>7BCC3CD0-9749-E244-2885-4D004914CD6F</attributeRef>
<attributeRef>EF5CAB78-57F9-942A-C448-9A8AD5EEB149</attributeRef>
</usedAttributes>
</identifier>
</identifiers>
</Entity>