<?xml version = '1.0' encoding = 'UTF-8'?>
<Entity class="oracle.dbtools.crest.model.design.logical.Entity" directorySegmentName="seg_0" id="8C0641B8-06E8-4F89-78F7-59FDD255A69E" name="TiposHab">
<createdBy>Gabriela</createdBy>
<createdTime>2023-10-01 23:13:13 UTC</createdTime>
<ownerDesignName>2intento</ownerDesignName>
<importedID>9DC7FE1A-E9E0-AC43-69DD-A02C0A65F43A</importedID>
<engineerTo>
<item key="D2230F1B-22EC-F16A-D78C-589A39E4601E" value="true"/>
</engineerTo>
<adequatelyNormalized>NO</adequatelyNormalized>
<expectedVolumes>0</expectedVolumes>
<fwdEngineeringStrategyName>Single Table</fwdEngineeringStrategyName>
<growthPercent>0</growthPercent>
<growthType>Year</growthType>
<maxVolumes>9999999</maxVolumes>
<minVolumes>0</minVolumes>
<normalForm>Third</normalForm>
<attributes itemClass="oracle.dbtools.crest.model.design.logical.Attribute">
<Attribute name="tipo" id="7D08E275-37C0-6DE8-2932-CF6702E3FAC9">
<createdBy>Gabriela</createdBy>
<createdTime>2023-10-01 23:13:13 UTC</createdTime>
<ownerDesignName>2intento</ownerDesignName>
<importedID>CAC9EDF2-C964-D920-3B2E-7EE26E51ECFB</importedID>
<engineerTo>
<item key="D2230F1B-22EC-F16A-D78C-589A39E4601E" value="true"/>
</engineerTo>
<useDomainConstraints>false</useDomainConstraints>
<use>1</use>
<logicalDatatype>LOGDT024</logicalDatatype>
<dataTypeSize>255</dataTypeSize>
<listOfValues>
<valueDef value="DOBLE" description=""/>
<valueDef value="FAMILIAR" description=""/>
<valueDef value="PRESIDENCIAL" description=""/>
<valueDef value="SENCILLA" description=""/>
<valueDef value="SUITE" description=""/>
</listOfValues>
<ownDataTypeParameters>255,,</ownDataTypeParameters>
</Attribute>
<Attribute name="descripcion" id="CF821F32-E5AB-148E-7FE5-E72ACF577C62">
<createdBy>Gabriela</createdBy>
<createdTime>2023-10-01 23:13:13 UTC</createdTime>
<ownerDesignName>2intento</ownerDesignName>
<importedID>4B547CCD-E00F-0966-CEAF-780D1E4C2E77</importedID>
<engineerTo>
<item key="D2230F1B-22EC-F16A-D78C-589A39E4601E" value="true"/>
</engineerTo>
<useDomainConstraints>false</useDomainConstraints>
<use>1</use>
<logicalDatatype>LOGDT024</logicalDatatype>
<dataTypeSize>255</dataTypeSize>
<ownDataTypeParameters>255,,</ownDataTypeParameters>
</Attribute>
</attributes>
<identifiers itemClass="oracle.dbtools.crest.model.design.logical.CandidateKey">
<identifier id="589CEB0F-6FFF-F3B6-1AD3-652F681741DC" name="TipoHabitacion PK">
<createdBy>Gabriela</createdBy>
<createdTime>2023-10-01 23:13:13 UTC</createdTime>
<ownerDesignName>2intento</ownerDesignName>
<importedID>B4CCFF8F-F067-1946-E24B-2AAB9FD96DAC</importedID>
<engineerTo>
<item key="D2230F1B-22EC-F16A-D78C-589A39E4601E" value="true"/>
</engineerTo>
<pk>true</pk>
<usedAttributes>
<attributeRef>7D08E275-37C0-6DE8-2932-CF6702E3FAC9</attributeRef>
</usedAttributes>
</identifier>
</identifiers>
</Entity>