<?xml version = '1.0' encoding = 'UTF-8'?>
<Entity class="oracle.dbtools.crest.model.design.logical.Entity" directorySegmentName="seg_0" id="AFC4306D-0348-CEA6-1AFF-3BFF2FD40399" name="ReservasSalon">
<createdBy>Gabriela</createdBy>
<createdTime>2023-10-01 23:14:11 UTC</createdTime>
<ownerDesignName>2intento</ownerDesignName>
<engineerTo>
<item key="D2230F1B-22EC-F16A-D78C-589A39E4601E" value="true"/>
</engineerTo>
<adequatelyNormalized>NO</adequatelyNormalized>
<expectedVolumes>0</expectedVolumes>
<fwdEngineeringStrategyName>Single Table</fwdEngineeringStrategyName>
<growthPercent>0</growthPercent>
<growthType>Year</growthType>
<maxVolumes>9999999</maxVolumes>
<minVolumes>0</minVolumes>
<normalForm>Third</normalForm>
<attributes itemClass="oracle.dbtools.crest.model.design.logical.Attribute">
<Attribute name="fecha" id="A7CE4840-AA2A-5E51-5B29-347865AE5E7F">
<createdBy>Gabriela</createdBy>
<createdTime>2023-10-01 23:14:11 UTC</createdTime>
<ownerDesignName>2intento</ownerDesignName>
<engineerTo>
<item key="D2230F1B-22EC-F16A-D78C-589A39E4601E" value="true"/>
</engineerTo>
<nullsAllowed>true</nullsAllowed>
<useDomainConstraints>false</useDomainConstraints>
<use>1</use>
<logicalDatatype>LOGDT008</logicalDatatype>
<ownDataTypeParameters>,,</ownDataTypeParameters>
</Attribute>
<Attribute name="duracion" id="8210B005-3A26-CF6A-91AF-FDCF001320D0">
<createdBy>Gabriela</createdBy>
<createdTime>2023-10-01 23:14:11 UTC</createdTime>
<ownerDesignName>2intento</ownerDesignName>
<engineerTo>
<item key="D2230F1B-22EC-F16A-D78C-589A39E4601E" value="true"/>
</engineerTo>
<nullsAllowed>true</nullsAllowed>
<useDomainConstraints>false</useDomainConstraints>
<use>1</use>
<logicalDatatype>LOGDT011</logicalDatatype>
<ownDataTypeParameters>,,</ownDataTypeParameters>
</Attribute>
<Attribute name="idReserva" id="AB9CFFA8-AA87-38B9-EBCE-4AAD51B63ADC">
<createdBy>Gabriela</createdBy>
<createdTime>2023-10-01 23:14:11 UTC</createdTime>
<ownerDesignName>2intento</ownerDesignName>
<engineerTo>
<item key="D2230F1B-22EC-F16A-D78C-589A39E4601E" value="true"/>
</engineerTo>
<useDomainConstraints>false</useDomainConstraints>
<use>1</use>
<logicalDatatype>LOGDT011</logicalDatatype>
<ownDataTypeParameters>,,</ownDataTypeParameters>
</Attribute>
<Attribute name="nombre2" id="65098BB0-D80E-51E9-7A54-6D9174E39091">
<createdBy>Gabriela</createdBy>
<createdTime>2023-10-01 23:14:47 UTC</createdTime>
<generatorID>D2A73444-3C9E-1432-7B64-21DB371DC643</generatorID>
<ownerDesignName>2intento</ownerDesignName>
<engineerTo>
<item key="D2230F1B-22EC-F16A-D78C-589A39E4601E" value="true"/>
</engineerTo>
<referedAttribute>01192AE5-40CB-0F16-BC45-72751352A36F</referedAttribute>
<useDomainConstraints>false</useDomainConstraints>
<use>1</use>
<logicalDatatype>LOGDT024</logicalDatatype>
<dataTypeSize>255</dataTypeSize>
<ownDataTypeParameters>,,</ownDataTypeParameters>
</Attribute>
</attributes>
<identifiers itemClass="oracle.dbtools.crest.model.design.logical.CandidateKey">
<identifier id="32372CAF-18AF-3D4A-F423-3869EACC6132" name="ReservaServicio PK">
<createdBy>Gabriela</createdBy>
<createdTime>2023-10-01 23:14:11 UTC</createdTime>
<ownerDesignName>2intento</ownerDesignName>
<engineerTo>
<item key="D2230F1B-22EC-F16A-D78C-589A39E4601E" value="true"/>
</engineerTo>
<pk>true</pk>
<usedAttributes>
<attributeRef>AB9CFFA8-AA87-38B9-EBCE-4AAD51B63ADC</attributeRef>
</usedAttributes>
</identifier>
</identifiers>
</Entity>