<?xml version = '1.0' encoding = 'UTF-8'?>
<Table class="oracle.dbtools.crest.model.design.relational.Table" directorySegmentName="seg_0" id="09CE8697-823A-AFA0-7662-D4CE7067DF04" name="Maquinas">
<createdBy>Gabriela</createdBy>
<createdTime>2023-10-01 23:19:51 UTC</createdTime>
<generatorID>379741CC-824C-8E34-209C-30BA9708C2F8</generatorID>
<ownerDesignName>2intento</ownerDesignName>
<allowColumnReorder>false</allowColumnReorder>
<existDependencyGenerateInDDl>true</existDependencyGenerateInDDl>
<parsed>true</parsed>
<columns itemClass="oracle.dbtools.crest.model.design.relational.Column">
<Column name="nombre" id="163A91B9-4717-7459-5ED9-6E7BD8F9B8EE">
<createdBy>Gabriela</createdBy>
<createdTime>2023-10-01 23:19:51 UTC</createdTime>
<generatorID>33094583-8111-2328-A2F0-777200EBDFA5</generatorID>
<ownerDesignName>2intento</ownerDesignName>
<useDomainConstraints>false</useDomainConstraints>
<use>1</use>
<logicalDatatype>LOGDT024</logicalDatatype>
<dataTypeSize>255</dataTypeSize>
<ownDataTypeParameters>255,,</ownDataTypeParameters>
<autoIncrementCycle>false</autoIncrementCycle>
</Column>
<Column name="Gimnasios_nombre" id="7F89FF98-A505-F6EF-CCD1-5E91700CCD2C">
<createdBy>Gabriela</createdBy>
<createdTime>2023-10-01 23:19:51 UTC</createdTime>
<generatorID>EF5CAB78-57F9-942A-C448-9A8AD5EEB149</generatorID>
<ownerDesignName>2intento</ownerDesignName>
<useDomainConstraints>false</useDomainConstraints>
<use>1</use>
<logicalDatatype>LOGDT024</logicalDatatype>
<dataTypeSize>255</dataTypeSize>
<ownDataTypeParameters>,,</ownDataTypeParameters>
<previousColumn>false</previousColumn>
<autoIncrementCycle>false</autoIncrementCycle>
<associations>
<colAssociation fkAssociation="6057AC00-504C-8DE8-BE5F-DC916F9C8805" referredColumn="4CBAADAD-0479-ED6B-C7A6-226646F307C6"/>
</associations>
</Column>
<Column name="id" id="0E2670BF-574B-946E-BC2E-A16AAD49EF3E">
<createdBy>Gabriela</createdBy>
<createdTime>2023-10-01 23:19:51 UTC</createdTime>
<generatorID>7BCC3CD0-9749-E244-2885-4D004914CD6F</generatorID>
<ownerDesignName>2intento</ownerDesignName>
<useDomainConstraints>false</useDomainConstraints>
<use>1</use>
<logicalDatatype>LOGDT011</logicalDatatype>
<ownDataTypeParameters>,,</ownDataTypeParameters>
<autoIncrementCycle>false</autoIncrementCycle>
</Column>
</columns>
<indexes itemClass="oracle.dbtools.crest.model.design.relational.Index">
<ind_PK_UK id="826E4CCA-90FA-87B5-9EE8-B8945153052E" name="Maquinas_PK">
<createdBy>Gabriela</createdBy>
<createdTime>2023-10-01 23:19:51 UTC</createdTime>
<generatorID>A5051CC1-67E7-3EFA-A3D0-5DF5ABF57489</generatorID>
<ownerDesignName>2intento</ownerDesignName>
<pk>true</pk>
<indexState>Primary Constraint</indexState>
<isSurrogateKey>false</isSurrogateKey>
<indexColumnUsage>
<colUsage columnID="0E2670BF-574B-946E-BC2E-A16AAD49EF3E"/>
<colUsage columnID="7F89FF98-A505-F6EF-CCD1-5E91700CCD2C"/>
</indexColumnUsage>
</ind_PK_UK>
<ind_PK_UK id="E9EAE494-9E42-53EB-1485-792773C561F7" name="Maquinas_Gimnasios_FK">
<createdBy>Gabriela</createdBy>
<createdTime>2023-10-01 23:19:52 UTC</createdTime>
<generatorID>D19B0C15-1951-0DBF-1048-B2DAD72B0750</generatorID>
<ownerDesignName>2intento</ownerDesignName>
<indexState>Foreign Key</indexState>
<isSurrogateKey>false</isSurrogateKey>
<indexColumnUsage>
<colUsage columnID="7F89FF98-A505-F6EF-CCD1-5E91700CCD2C"/>
</indexColumnUsage>
</ind_PK_UK>
</indexes>
</Table>