<?xml version = '1.0' encoding = 'UTF-8'?>
<Table class="oracle.dbtools.crest.model.design.relational.Table" directorySegmentName="seg_0" id="0F023A15-B7D2-A6DA-856D-0392BEE12093" name="Habitaciones">
<createdBy>Gabriela</createdBy>
<createdTime>2023-10-01 23:19:51 UTC</createdTime>
<generatorID>5E4D5BEE-112B-73BC-2323-F3A2ED2F6885</generatorID>
<ownerDesignName>2intento</ownerDesignName>
<allowColumnReorder>false</allowColumnReorder>
<existDependencyGenerateInDDl>true</existDependencyGenerateInDDl>
<parsed>true</parsed>
<columns itemClass="oracle.dbtools.crest.model.design.relational.Column">
<Column name="id_habitacion" id="30CCFD5C-6CF6-5C80-7677-49A05C1BC417">
<createdBy>Gabriela</createdBy>
<createdTime>2023-10-01 23:19:51 UTC</createdTime>
<generatorID>17F10CE9-37BE-9010-2AC7-86F109EA4783</generatorID>
<ownerDesignName>2intento</ownerDesignName>
<useDomainConstraints>false</useDomainConstraints>
<use>1</use>
<logicalDatatype>LOGDT011</logicalDatatype>
<ownDataTypeParameters>,,</ownDataTypeParameters>
<autoIncrementCycle>false</autoIncrementCycle>
</Column>
<Column name="capacidad" id="EF965D6B-1333-7149-C382-A8C5198446FB">
<createdBy>Gabriela</createdBy>
<createdTime>2023-10-01 23:19:51 UTC</createdTime>
<generatorID>18D7535A-B389-C501-B574-1E37F425D519</generatorID>
<ownerDesignName>2intento</ownerDesignName>
<useDomainConstraints>false</useDomainConstraints>
<use>1</use>
<logicalDatatype>LOGDT011</logicalDatatype>
<ownDataTypeParameters>,,</ownDataTypeParameters>
<autoIncrementCycle>false</autoIncrementCycle>
</Column>
<Column name="Reservas_id_reserva" id="3C6FF303-7AD4-AC89-B4EC-B7AC38AED288">
<createdBy>Gabriela</createdBy>
<createdTime>2023-10-01 23:19:51 UTC</createdTime>
<generatorID>8052D643-7DB6-8B12-608F-F4249E4CE1F8</generatorID>
<ownerDesignName>2intento</ownerDesignName>
<nullsAllowed>true</nullsAllowed>
<useDomainConstraints>false</useDomainConstraints>
<use>1</use>
<logicalDatatype>LOGDT011</logicalDatatype>
<ownDataTypeParameters>,,</ownDataTypeParameters>
<previousColumn>false</previousColumn>
<autoIncrementCycle>false</autoIncrementCycle>
<associations>
<colAssociation fkAssociation="DEE637C1-1F52-9090-3AB6-2A6843B9FEE2" referredColumn="A5560328-EBA1-4634-E54F-B9348C80A104"/>
</associations>
</Column>
<Column name="TiposHab_tipo" id="52A8E0B7-FFF8-E53E-53D9-894348470515">
<createdBy>Gabriela</createdBy>
<createdTime>2023-10-01 23:19:51 UTC</createdTime>
<generatorID>C17AD094-5C71-6D04-51F7-9D3B2B9053C8</generatorID>
<ownerDesignName>2intento</ownerDesignName>
<useDomainConstraints>false</useDomainConstraints>
<use>1</use>
<logicalDatatype>LOGDT024</logicalDatatype>
<dataTypeSize>255</dataTypeSize>
<ownDataTypeParameters>,,</ownDataTypeParameters>
<previousColumn>false</previousColumn>
<autoIncrementCycle>false</autoIncrementCycle>
<associations>
<colAssociation fkAssociation="7ACC474F-7F6D-E3E3-FCF3-F2758F207C1E" referredColumn="1569E202-F7DC-74AB-297A-FCB6045E128C"/>
</associations>
</Column>
</columns>
<indexes itemClass="oracle.dbtools.crest.model.design.relational.Index">
<ind_PK_UK id="3358B9FA-9885-5068-668C-FC6857151BF2" name="Habitaciones_PK">
<createdBy>Gabriela</createdBy>
<createdTime>2023-10-01 23:19:51 UTC</createdTime>
<generatorID>6DE5991B-9A3D-6670-CCB5-28A9A8A194DA</generatorID>
<ownerDesignName>2intento</ownerDesignName>
<pk>true</pk>
<indexState>Primary Constraint</indexState>
<isSurrogateKey>false</isSurrogateKey>
<indexColumnUsage>
<colUsage columnID="30CCFD5C-6CF6-5C80-7677-49A05C1BC417"/>
</indexColumnUsage>
</ind_PK_UK>
<ind_PK_UK id="EC070071-0DAF-484B-4413-C08ACA141D9E" name="Habitaciones_Reservas_FK">
<createdBy>Gabriela</createdBy>
<createdTime>2023-10-01 23:19:52 UTC</createdTime>
<generatorID>C885B6C1-984A-80E7-9AED-071E94462E5D</generatorID>
<ownerDesignName>2intento</ownerDesignName>
<indexState>Foreign Key</indexState>
<isSurrogateKey>false</isSurrogateKey>
<indexColumnUsage>
<colUsage columnID="3C6FF303-7AD4-AC89-B4EC-B7AC38AED288"/>
</indexColumnUsage>
</ind_PK_UK>
<ind_PK_UK id="1DCFCDC4-B724-E171-20F4-991CD3B2C21E" name="Habitaciones_TiposHab_FK">
<createdBy>Gabriela</createdBy>
<createdTime>2023-10-01 23:19:52 UTC</createdTime>
<generatorID>66D30939-9943-CF4C-9FBA-941CE6C697D1</generatorID>
<ownerDesignName>2intento</ownerDesignName>
<indexState>Foreign Key</indexState>
<isSurrogateKey>false</isSurrogateKey>
<indexColumnUsage>
<colUsage columnID="52A8E0B7-FFF8-E53E-53D9-894348470515"/>
</indexColumnUsage>
</ind_PK_UK>
</indexes>
</Table>