<?xml version = '1.0' encoding = 'UTF-8'?>
<Table class="oracle.dbtools.crest.model.design.relational.Table" directorySegmentName="seg_0" id="1231E5D0-EBA4-B223-3E56-FF3004DA60CD" name="Bebidas">
<createdBy>Gabriela</createdBy>
<createdTime>2023-10-01 23:19:50 UTC</createdTime>
<generatorID>B9590D75-3B20-452C-78DA-2829C6270F0D</generatorID>
<ownerDesignName>2intento</ownerDesignName>
<allowColumnReorder>false</allowColumnReorder>
<existDependencyGenerateInDDl>true</existDependencyGenerateInDDl>
<parsed>true</parsed>
<columns itemClass="oracle.dbtools.crest.model.design.relational.Column">
<Column name="nombre" id="3CF00048-6ABB-31A8-5A5D-8DF6FA3199E6">
<createdBy>Gabriela</createdBy>
<createdTime>2023-10-01 23:19:50 UTC</createdTime>
<generatorID>9BA3B663-C218-5BAC-57E8-839940BF6F34</generatorID>
<ownerDesignName>2intento</ownerDesignName>
<useDomainConstraints>false</useDomainConstraints>
<use>1</use>
<logicalDatatype>LOGDT024</logicalDatatype>
<dataTypeSize>255</dataTypeSize>
<ownDataTypeParameters>255,,</ownDataTypeParameters>
<autoIncrementCycle>false</autoIncrementCycle>
</Column>
<Column name="precio" id="1D27ACB7-FAFF-E72E-1C9D-1C786869E500">
<createdBy>Gabriela</createdBy>
<createdTime>2023-10-01 23:19:50 UTC</createdTime>
<generatorID>537B0DCC-3B35-CF62-8D0B-759B8252B337</generatorID>
<ownerDesignName>2intento</ownerDesignName>
<useDomainConstraints>false</useDomainConstraints>
<use>1</use>
<logicalDatatype>LOGDT026</logicalDatatype>
<dataTypePrecision>13</dataTypePrecision>
<dataTypeScale>2</dataTypeScale>
<ownDataTypeParameters>,13,2</ownDataTypeParameters>
<autoIncrementCycle>false</autoIncrementCycle>
</Column>
<Column name="todoIncluido" id="0872BF60-9BAD-C40F-ABB6-DA709194205F">
<createdBy>Gabriela</createdBy>
<createdTime>2023-10-01 23:19:50 UTC</createdTime>
<generatorID>A39B5707-DB02-2441-8C09-3DF18B5CEBA4</generatorID>
<ownerDesignName>2intento</ownerDesignName>
<useDomainConstraints>false</useDomainConstraints>
<use>1</use>
<logicalDatatype>LOGDT006</logicalDatatype>
<dataTypeSize>1</dataTypeSize>
<ownDataTypeParameters>1,,</ownDataTypeParameters>
<autoIncrementCycle>false</autoIncrementCycle>
</Column>
</columns>
<indexes itemClass="oracle.dbtools.crest.model.design.relational.Index">
<ind_PK_UK id="4C10EA7A-0ABA-0AD5-09FB-2AE61396D70F" name="Bebidas_PK">
<createdBy>Gabriela</createdBy>
<createdTime>2023-10-01 23:19:50 UTC</createdTime>
<generatorID>5ED6D279-2CEF-067E-C642-E15260D2EC0F</generatorID>
<ownerDesignName>2intento</ownerDesignName>
<pk>true</pk>
<indexState>Primary Constraint</indexState>
<isSurrogateKey>false</isSurrogateKey>
<indexColumnUsage>
<colUsage columnID="3CF00048-6ABB-31A8-5A5D-8DF6FA3199E6"/>
</indexColumnUsage>
</ind_PK_UK>
</indexes>
</Table>