<?xml version = '1.0' encoding = 'UTF-8'?>
<Table class="oracle.dbtools.crest.model.design.relational.Table" directorySegmentName="seg_0" id="20455BB9-BD02-6235-186D-AD54D0C2E976" name="productoConsumo">
<createdBy>Gabriela</createdBy>
<createdTime>2023-10-01 23:19:52 UTC</createdTime>
<ownerDesignName>2intento</ownerDesignName>
<allowColumnReorder>false</allowColumnReorder>
<existDependencyGenerateInDDl>true</existDependencyGenerateInDDl>
<parsed>true</parsed>
<columns itemClass="oracle.dbtools.crest.model.design.relational.Column">
<Column name="Productos_nombre" id="F9926B33-34C4-14D2-0C91-AB5CF43C529D">
<createdBy>Gabriela</createdBy>
<createdTime>2023-10-01 23:19:52 UTC</createdTime>
<ownerDesignName>2intento</ownerDesignName>
<useDomainConstraints>false</useDomainConstraints>
<use>1</use>
<logicalDatatype>LOGDT024</logicalDatatype>
<dataTypeSize>255</dataTypeSize>
<ownDataTypeParameters>,,</ownDataTypeParameters>
<previousColumn>false</previousColumn>
<autoIncrementCycle>false</autoIncrementCycle>
<associations>
<colAssociation fkAssociation="EF72636B-E4F5-EB61-9559-A9BC6B714B3E" referredColumn="9E010678-19B9-9859-1CB5-BC76DE1B2FB4"/>
</associations>
</Column>
<Column name="Consumos_IdConsumo" id="681B117B-96A9-B77B-3BFC-B4AB6A64D3AB">
<createdBy>Gabriela</createdBy>
<createdTime>2023-10-01 23:19:52 UTC</createdTime>
<ownerDesignName>2intento</ownerDesignName>
<useDomainConstraints>false</useDomainConstraints>
<use>1</use>
<logicalDatatype>LOGDT011</logicalDatatype>
<ownDataTypeParameters>,,</ownDataTypeParameters>
<previousColumn>false</previousColumn>
<autoIncrementCycle>false</autoIncrementCycle>
<associations>
<colAssociation fkAssociation="A936A80D-14AB-1683-72FF-16CC8AD6C6C6" referredColumn="AA1C454A-785E-8236-0EB1-92D4095B2DEB"/>
</associations>
</Column>
</columns>
<indexes itemClass="oracle.dbtools.crest.model.design.relational.Index">
<ind_PK_UK id="1762C782-820D-1367-E7F8-572A1A26FC43" name="productoConsumo_PK">
<createdBy>Gabriela</createdBy>
<createdTime>2023-10-01 23:19:52 UTC</createdTime>
<ownerDesignName>2intento</ownerDesignName>
<pk>true</pk>
<indexState>Primary Constraint</indexState>
<isSurrogateKey>false</isSurrogateKey>
<indexColumnUsage>
<colUsage columnID="F9926B33-34C4-14D2-0C91-AB5CF43C529D"/>
<colUsage columnID="681B117B-96A9-B77B-3BFC-B4AB6A64D3AB"/>
</indexColumnUsage>
</ind_PK_UK>
<ind_PK_UK id="BFD48DAB-D8D1-0B90-2321-50D834F2A366" name="productoConsumo_Productos_FK">
<createdBy>Gabriela</createdBy>
<createdTime>2023-10-01 23:19:52 UTC</createdTime>
<generatorID>4E4C411B-5E3A-D02B-A27A-071858A7F6C0</generatorID>
<ownerDesignName>2intento</ownerDesignName>
<indexState>Foreign Key</indexState>
<isSurrogateKey>false</isSurrogateKey>
<indexColumnUsage>
<colUsage columnID="F9926B33-34C4-14D2-0C91-AB5CF43C529D"/>
</indexColumnUsage>
</ind_PK_UK>
<ind_PK_UK id="6A885120-BD53-13EF-5A86-F067BA5002BB" name="productoConsumo_Consumos_FK">
<createdBy>Gabriela</createdBy>
<createdTime>2023-10-01 23:19:52 UTC</createdTime>
<generatorID>4E4C411B-5E3A-D02B-A27A-071858A7F6C0</generatorID>
<ownerDesignName>2intento</ownerDesignName>
<indexState>Foreign Key</indexState>
<isSurrogateKey>false</isSurrogateKey>
<indexColumnUsage>
<colUsage columnID="681B117B-96A9-B77B-3BFC-B4AB6A64D3AB"/>
</indexColumnUsage>
</ind_PK_UK>
</indexes>
</Table>