<?xml version = '1.0' encoding = 'UTF-8'?>
<Table class="oracle.dbtools.crest.model.design.relational.Table" directorySegmentName="seg_0" id="478A6A20-706A-7D2F-E279-0A944758D315" name="BarBebida">
<createdBy>Gabriela</createdBy>
<createdTime>2023-10-01 23:19:51 UTC</createdTime>
<ownerDesignName>2intento</ownerDesignName>
<allowColumnReorder>false</allowColumnReorder>
<existDependencyGenerateInDDl>true</existDependencyGenerateInDDl>
<parsed>true</parsed>
<columns itemClass="oracle.dbtools.crest.model.design.relational.Column">
<Column name="Bares_nombre" id="DCC3E9A2-E2A5-671E-49BF-A996AF3AEF77">
<createdBy>Gabriela</createdBy>
<createdTime>2023-10-01 23:19:51 UTC</createdTime>
<ownerDesignName>2intento</ownerDesignName>
<useDomainConstraints>false</useDomainConstraints>
<use>1</use>
<logicalDatatype>LOGDT024</logicalDatatype>
<dataTypeSize>255</dataTypeSize>
<ownDataTypeParameters>,,</ownDataTypeParameters>
<previousColumn>false</previousColumn>
<autoIncrementCycle>false</autoIncrementCycle>
<associations>
<colAssociation fkAssociation="CF3038AA-DE84-F1DF-EB67-1C40B985A57A" referredColumn="71AF7235-001F-DA62-3B22-7EC6806D2E84"/>
</associations>
</Column>
<Column name="Bebidas_nombre" id="476046BD-5899-4892-5D16-D47F15C9FD17">
<createdBy>Gabriela</createdBy>
<createdTime>2023-10-01 23:19:51 UTC</createdTime>
<ownerDesignName>2intento</ownerDesignName>
<useDomainConstraints>false</useDomainConstraints>
<use>1</use>
<logicalDatatype>LOGDT024</logicalDatatype>
<dataTypeSize>255</dataTypeSize>
<ownDataTypeParameters>,,</ownDataTypeParameters>
<previousColumn>false</previousColumn>
<autoIncrementCycle>false</autoIncrementCycle>
<associations>
<colAssociation fkAssociation="B798B126-A24F-CEE0-E205-E1CBC3345C94" referredColumn="3CF00048-6ABB-31A8-5A5D-8DF6FA3199E6"/>
</associations>
</Column>
</columns>
<indexes itemClass="oracle.dbtools.crest.model.design.relational.Index">
<ind_PK_UK id="F03A468C-4AF1-7131-A43C-4F42FDEA4743" name="BarBebida_PK">
<createdBy>Gabriela</createdBy>
<createdTime>2023-10-01 23:19:51 UTC</createdTime>
<ownerDesignName>2intento</ownerDesignName>
<pk>true</pk>
<indexState>Primary Constraint</indexState>
<isSurrogateKey>false</isSurrogateKey>
<indexColumnUsage>
<colUsage columnID="DCC3E9A2-E2A5-671E-49BF-A996AF3AEF77"/>
<colUsage columnID="476046BD-5899-4892-5D16-D47F15C9FD17"/>
</indexColumnUsage>
</ind_PK_UK>
<ind_PK_UK id="83DA79E6-4EFE-DAAB-74DC-83495C9560ED" name="BarBebida_Bares_FK">
<createdBy>Gabriela</createdBy>
<createdTime>2023-10-01 23:19:51 UTC</createdTime>
<generatorID>3FD15070-BC9E-7251-F6CB-DF39848A3420</generatorID>
<ownerDesignName>2intento</ownerDesignName>
<indexState>Foreign Key</indexState>
<isSurrogateKey>false</isSurrogateKey>
<indexColumnUsage>
<colUsage columnID="DCC3E9A2-E2A5-671E-49BF-A996AF3AEF77"/>
</indexColumnUsage>
</ind_PK_UK>
<ind_PK_UK id="6417518C-FB03-632D-987B-536809721FF4" name="BarBebida_Bebidas_FK">
<createdBy>Gabriela</createdBy>
<createdTime>2023-10-01 23:19:51 UTC</createdTime>
<generatorID>3FD15070-BC9E-7251-F6CB-DF39848A3420</generatorID>
<ownerDesignName>2intento</ownerDesignName>
<indexState>Foreign Key</indexState>
<isSurrogateKey>false</isSurrogateKey>
<indexColumnUsage>
<colUsage columnID="476046BD-5899-4892-5D16-D47F15C9FD17"/>
</indexColumnUsage>
</ind_PK_UK>
</indexes>
</Table>