<?xml version = '1.0' encoding = 'UTF-8'?>
<Table class="oracle.dbtools.crest.model.design.relational.Table" directorySegmentName="seg_0" id="7096E7E9-F022-A35C-1FE0-42DCA024A56A" name="RestBebida">
<createdBy>Gabriela</createdBy>
<createdTime>2023-10-01 23:19:52 UTC</createdTime>
<ownerDesignName>2intento</ownerDesignName>
<allowColumnReorder>false</allowColumnReorder>
<existDependencyGenerateInDDl>true</existDependencyGenerateInDDl>
<parsed>true</parsed>
<columns itemClass="oracle.dbtools.crest.model.design.relational.Column">
<Column name="Rests_nombre" id="66172CF2-8C72-A89A-B2A3-3E33EF09FF3E">
<createdBy>Gabriela</createdBy>
<createdTime>2023-10-01 23:19:52 UTC</createdTime>
<ownerDesignName>2intento</ownerDesignName>
<useDomainConstraints>false</useDomainConstraints>
<use>1</use>
<logicalDatatype>LOGDT024</logicalDatatype>
<dataTypeSize>255</dataTypeSize>
<ownDataTypeParameters>,,</ownDataTypeParameters>
<previousColumn>false</previousColumn>
<autoIncrementCycle>false</autoIncrementCycle>
<associations>
<colAssociation fkAssociation="CE1213A4-6622-AEEE-0077-FED4085E1F9A" referredColumn="862CF00E-D9E8-A1F9-B701-505572490CFA"/>
</associations>
</Column>
<Column name="Bebidas_nombre" id="EB9161F5-34AE-6E0D-381D-D721133AD26D">
<createdBy>Gabriela</createdBy>
<createdTime>2023-10-01 23:19:52 UTC</createdTime>
<ownerDesignName>2intento</ownerDesignName>
<useDomainConstraints>false</useDomainConstraints>
<use>1</use>
<logicalDatatype>LOGDT024</logicalDatatype>
<dataTypeSize>255</dataTypeSize>
<ownDataTypeParameters>,,</ownDataTypeParameters>
<previousColumn>false</previousColumn>
<autoIncrementCycle>false</autoIncrementCycle>
<associations>
<colAssociation fkAssociation="FFF56D73-1911-15F6-42CA-D1023DA991FF" referredColumn="3CF00048-6ABB-31A8-5A5D-8DF6FA3199E6"/>
</associations>
</Column>
</columns>
<indexes itemClass="oracle.dbtools.crest.model.design.relational.Index">
<ind_PK_UK id="9B2CDD95-E9CF-0115-FAAF-806E9B66BD4C" name="RestBebida_PK">
<createdBy>Gabriela</createdBy>
<createdTime>2023-10-01 23:19:52 UTC</createdTime>
<ownerDesignName>2intento</ownerDesignName>
<pk>true</pk>
<indexState>Primary Constraint</indexState>
<isSurrogateKey>false</isSurrogateKey>
<indexColumnUsage>
<colUsage columnID="66172CF2-8C72-A89A-B2A3-3E33EF09FF3E"/>
<colUsage columnID="EB9161F5-34AE-6E0D-381D-D721133AD26D"/>
</indexColumnUsage>
</ind_PK_UK>
<ind_PK_UK id="0C6C1342-8991-8C4A-B658-4BC57B407367" name="RestBebida_Rests_FK">
<createdBy>Gabriela</createdBy>
<createdTime>2023-10-01 23:19:52 UTC</createdTime>
<generatorID>DBD24726-D8E1-72C3-A3F5-3E1CBB89ED1B</generatorID>
<ownerDesignName>2intento</ownerDesignName>
<indexState>Foreign Key</indexState>
<isSurrogateKey>false</isSurrogateKey>
<indexColumnUsage>
<colUsage columnID="66172CF2-8C72-A89A-B2A3-3E33EF09FF3E"/>
</indexColumnUsage>
</ind_PK_UK>
<ind_PK_UK id="76EC3025-02CB-CC3F-3671-870C78AD1ED5" name="RestBebida_Bebidas_FK">
<createdBy>Gabriela</createdBy>
<createdTime>2023-10-01 23:19:52 UTC</createdTime>
<generatorID>DBD24726-D8E1-72C3-A3F5-3E1CBB89ED1B</generatorID>
<ownerDesignName>2intento</ownerDesignName>
<indexState>Foreign Key</indexState>
<isSurrogateKey>false</isSurrogateKey>
<indexColumnUsage>
<colUsage columnID="EB9161F5-34AE-6E0D-381D-D721133AD26D"/>
</indexColumnUsage>
</ind_PK_UK>
</indexes>
</Table>