<?xml version = '1.0' encoding = 'UTF-8'?>
<Table class="oracle.dbtools.crest.model.design.relational.Table" directorySegmentName="seg_0" id="861A3ADC-F577-C3E7-3567-B7AA766695D4" name="Bares">
<createdBy>Gabriela</createdBy>
<createdTime>2023-10-01 23:19:50 UTC</createdTime>
<generatorID>6D92F5B3-2F66-DFF3-4ECD-D5E62CD00AB7</generatorID>
<ownerDesignName>2intento</ownerDesignName>
<allowColumnReorder>false</allowColumnReorder>
<existDependencyGenerateInDDl>true</existDependencyGenerateInDDl>
<parsed>true</parsed>
<columns itemClass="oracle.dbtools.crest.model.design.relational.Column">
<Column name="nombre" id="71AF7235-001F-DA62-3B22-7EC6806D2E84">
<createdBy>Gabriela</createdBy>
<createdTime>2023-10-01 23:19:50 UTC</createdTime>
<generatorID>FA9C6F2B-3AD4-33B8-EEC2-BF0BE1DF0CE2</generatorID>
<ownerDesignName>2intento</ownerDesignName>
<useDomainConstraints>false</useDomainConstraints>
<use>1</use>
<logicalDatatype>LOGDT024</logicalDatatype>
<dataTypeSize>255</dataTypeSize>
<ownDataTypeParameters>255,,</ownDataTypeParameters>
<autoIncrementCycle>false</autoIncrementCycle>
</Column>
<Column name="horarioApertura" id="C758DF13-7E2C-9D4A-1B7F-283106AD8A2F">
<createdBy>Gabriela</createdBy>
<createdTime>2023-10-01 23:19:50 UTC</createdTime>
<generatorID>7B855ED1-6B53-1B88-D045-7DAE5A2C5CFC</generatorID>
<ownerDesignName>2intento</ownerDesignName>
<nullsAllowed>true</nullsAllowed>
<useDomainConstraints>false</useDomainConstraints>
<use>1</use>
<logicalDatatype>LOGDT014</logicalDatatype>
<ownDataTypeParameters>,,</ownDataTypeParameters>
<autoIncrementCycle>false</autoIncrementCycle>
</Column>
<Column name="horarioCierre" id="55341F47-CB12-F9F7-EF54-A251322A0321">
<createdBy>Gabriela</createdBy>
<createdTime>2023-10-01 23:19:50 UTC</createdTime>
<generatorID>1411C31F-A190-29AE-D7E5-0925A5B071BB</generatorID>
<ownerDesignName>2intento</ownerDesignName>
<nullsAllowed>true</nullsAllowed>
<useDomainConstraints>false</useDomainConstraints>
<use>1</use>
<logicalDatatype>LOGDT014</logicalDatatype>
<ownDataTypeParameters>,,</ownDataTypeParameters>
<autoIncrementCycle>false</autoIncrementCycle>
</Column>
<Column name="capacidad" id="4DAC3D7F-65A1-E525-B8D4-4F0621181D5B">
<createdBy>Gabriela</createdBy>
<createdTime>2023-10-01 23:19:50 UTC</createdTime>
<generatorID>F362C430-FB35-770E-E3F5-52AA027A599E</generatorID>
<ownerDesignName>2intento</ownerDesignName>
<useDomainConstraints>false</useDomainConstraints>
<use>1</use>
<logicalDatatype>LOGDT011</logicalDatatype>
<ownDataTypeParameters>,,</ownDataTypeParameters>
<autoIncrementCycle>false</autoIncrementCycle>
</Column>
</columns>
<indexes itemClass="oracle.dbtools.crest.model.design.relational.Index">
<ind_PK_UK id="C31829B2-966C-803E-69D3-CBDB521FD4A4" name="Bares_PK">
<createdBy>Gabriela</createdBy>
<createdTime>2023-10-01 23:19:50 UTC</createdTime>
<generatorID>603A7E7D-6BEC-4DE5-EA6D-B6009A169D5E</generatorID>
<ownerDesignName>2intento</ownerDesignName>
<pk>true</pk>
<indexState>Primary Constraint</indexState>
<isSurrogateKey>false</isSurrogateKey>
<indexColumnUsage>
<colUsage columnID="71AF7235-001F-DA62-3B22-7EC6806D2E84"/>
</indexColumnUsage>
</ind_PK_UK>
</indexes>
</Table>