<?xml version = '1.0' encoding = 'UTF-8'?>
<Table class="oracle.dbtools.crest.model.design.relational.Table" directorySegmentName="seg_0" id="8DF4BD20-0CF9-187B-E74F-899DDFE2B5B9" name="Usuarios">
<createdBy>Gabriela</createdBy>
<createdTime>2023-10-01 23:19:51 UTC</createdTime>
<generatorID>35E91187-D479-8ED2-4AEF-58EE49892C26</generatorID>
<ownerDesignName>2intento</ownerDesignName>
<allowColumnReorder>false</allowColumnReorder>
<existDependencyGenerateInDDl>true</existDependencyGenerateInDDl>
<parsed>true</parsed>
<columns itemClass="oracle.dbtools.crest.model.design.relational.Column">
<Column name="id" id="E0234E9D-2155-43A0-6096-F3A3A869D732">
<createdBy>Gabriela</createdBy>
<createdTime>2023-10-01 23:19:51 UTC</createdTime>
<generatorID>40DB90E0-88E5-2112-5928-49C925957AF9</generatorID>
<ownerDesignName>2intento</ownerDesignName>
<useDomainConstraints>false</useDomainConstraints>
<use>1</use>
<logicalDatatype>LOGDT011</logicalDatatype>
<ownDataTypeParameters>,,</ownDataTypeParameters>
<autoIncrementCycle>false</autoIncrementCycle>
</Column>
<Column name="nombre" id="B2871C33-D7DD-F5D1-F031-E146A2910130">
<createdBy>Gabriela</createdBy>
<createdTime>2023-10-01 23:19:51 UTC</createdTime>
<generatorID>7E74199A-575A-7300-F478-1A72CFEF94F3</generatorID>
<ownerDesignName>2intento</ownerDesignName>
<useDomainConstraints>false</useDomainConstraints>
<use>1</use>
<logicalDatatype>LOGDT024</logicalDatatype>
<dataTypeSize>255</dataTypeSize>
<ownDataTypeParameters>255,,</ownDataTypeParameters>
<autoIncrementCycle>false</autoIncrementCycle>
</Column>
<Column name="cedula" id="93A7EAA4-B188-4B8E-ED67-8B685F41AE9F">
<createdBy>Gabriela</createdBy>
<createdTime>2023-10-01 23:19:51 UTC</createdTime>
<generatorID>F6B2C1AC-8C3E-250A-CF4D-4C576911760C</generatorID>
<ownerDesignName>2intento</ownerDesignName>
<useDomainConstraints>false</useDomainConstraints>
<use>1</use>
<logicalDatatype>LOGDT024</logicalDatatype>
<dataTypeSize>255</dataTypeSize>
<ownDataTypeParameters>255,,</ownDataTypeParameters>
<autoIncrementCycle>false</autoIncrementCycle>
</Column>
<Column name="tipo" id="5ACB50F2-B680-471E-72C5-CADC48AD5B51">
<createdBy>Gabriela</createdBy>
<createdTime>2023-10-01 23:19:51 UTC</createdTime>
<generatorID>3A1B0EE7-0469-8D1B-49A6-330E459B40D0</generatorID>
<ownerDesignName>2intento</ownerDesignName>
<useDomainConstraints>false</useDomainConstraints>
<use>1</use>
<logicalDatatype>LOGDT024</logicalDatatype>
<dataTypeSize>255</dataTypeSize>
<listOfValues>
<valueDef value="ADMINISTRADOR" description=""/>
<valueDef value="CLIENTE" description=""/>
<valueDef value="EMPLEADO" description=""/>
<valueDef value="GERENTE" description=""/>
<valueDef value="RECEPCIONISTA" description=""/>
</listOfValues>
<ownDataTypeParameters>255,,</ownDataTypeParameters>
<autoIncrementCycle>false</autoIncrementCycle>
</Column>
</columns>
<indexes itemClass="oracle.dbtools.crest.model.design.relational.Index">
<ind_PK_UK id="5625DCE2-95B1-6EB5-8296-E0787E39F1BF" name="Usuarios_PK">
<createdBy>Gabriela</createdBy>
<createdTime>2023-10-01 23:19:51 UTC</createdTime>
<generatorID>5BCD4C47-D757-8A1C-8A2C-EA4B5EACEE0B</generatorID>
<ownerDesignName>2intento</ownerDesignName>
<pk>true</pk>
<indexState>Primary Constraint</indexState>
<isSurrogateKey>false</isSurrogateKey>
<indexColumnUsage>
<colUsage columnID="E0234E9D-2155-43A0-6096-F3A3A869D732"/>
</indexColumnUsage>
</ind_PK_UK>
</indexes>
</Table>