<?xml version = '1.0' encoding = 'UTF-8'?>
<Table class="oracle.dbtools.crest.model.design.relational.Table" directorySegmentName="seg_0" id="8EE2486E-9FA0-E924-065C-3BF8AF982418" name="consumoBebida">
<createdBy>Gabriela</createdBy>
<createdTime>2023-10-01 23:19:51 UTC</createdTime>
<ownerDesignName>2intento</ownerDesignName>
<allowColumnReorder>false</allowColumnReorder>
<existDependencyGenerateInDDl>true</existDependencyGenerateInDDl>
<parsed>true</parsed>
<columns itemClass="oracle.dbtools.crest.model.design.relational.Column">
<Column name="Consumos_IdConsumo" id="E26E1581-DAE7-F84F-6626-1DC5A93BBB7B">
<createdBy>Gabriela</createdBy>
<createdTime>2023-10-01 23:19:51 UTC</createdTime>
<ownerDesignName>2intento</ownerDesignName>
<useDomainConstraints>false</useDomainConstraints>
<use>1</use>
<logicalDatatype>LOGDT011</logicalDatatype>
<ownDataTypeParameters>,,</ownDataTypeParameters>
<previousColumn>false</previousColumn>
<autoIncrementCycle>false</autoIncrementCycle>
<associations>
<colAssociation fkAssociation="2E15FB09-DF2B-79ED-8118-0B77AB66219D" referredColumn="AA1C454A-785E-8236-0EB1-92D4095B2DEB"/>
</associations>
</Column>
<Column name="Bebidas_nombre" id="5A201086-1C4D-DE23-BF8F-46F230CAFE69">
<createdBy>Gabriela</createdBy>
<createdTime>2023-10-01 23:19:51 UTC</createdTime>
<ownerDesignName>2intento</ownerDesignName>
<useDomainConstraints>false</useDomainConstraints>
<use>1</use>
<logicalDatatype>LOGDT024</logicalDatatype>
<dataTypeSize>255</dataTypeSize>
<ownDataTypeParameters>,,</ownDataTypeParameters>
<previousColumn>false</previousColumn>
<autoIncrementCycle>false</autoIncrementCycle>
<associations>
<colAssociation fkAssociation="1F96795D-BDCE-0B2E-95D2-BA5860D36465" referredColumn="3CF00048-6ABB-31A8-5A5D-8DF6FA3199E6"/>
</associations>
</Column>
</columns>
<indexes itemClass="oracle.dbtools.crest.model.design.relational.Index">
<ind_PK_UK id="22A99B88-7B83-7331-9AF7-4AEB1650D60E" name="consumoBebida_PK">
<createdBy>Gabriela</createdBy>
<createdTime>2023-10-01 23:19:51 UTC</createdTime>
<ownerDesignName>2intento</ownerDesignName>
<pk>true</pk>
<indexState>Primary Constraint</indexState>
<isSurrogateKey>false</isSurrogateKey>
<indexColumnUsage>
<colUsage columnID="E26E1581-DAE7-F84F-6626-1DC5A93BBB7B"/>
<colUsage columnID="5A201086-1C4D-DE23-BF8F-46F230CAFE69"/>
</indexColumnUsage>
</ind_PK_UK>
<ind_PK_UK id="D1B2CA48-C67C-3A85-4547-4D56D5D776E9" name="consumoBebida_Consumos_FK">
<createdBy>Gabriela</createdBy>
<createdTime>2023-10-01 23:19:51 UTC</createdTime>
<generatorID>6924E7B4-356A-835B-92F7-0EF4CCBF4BA7</generatorID>
<ownerDesignName>2intento</ownerDesignName>
<indexState>Foreign Key</indexState>
<isSurrogateKey>false</isSurrogateKey>
<indexColumnUsage>
<colUsage columnID="E26E1581-DAE7-F84F-6626-1DC5A93BBB7B"/>
</indexColumnUsage>
</ind_PK_UK>
<ind_PK_UK id="A8502A14-8DBB-1CF0-5A09-15EB477C493C" name="consumoBebida_Bebidas_FK">
<createdBy>Gabriela</createdBy>
<createdTime>2023-10-01 23:19:51 UTC</createdTime>
<generatorID>6924E7B4-356A-835B-92F7-0EF4CCBF4BA7</generatorID>
<ownerDesignName>2intento</ownerDesignName>
<indexState>Foreign Key</indexState>
<isSurrogateKey>false</isSurrogateKey>
<indexColumnUsage>
<colUsage columnID="5A201086-1C4D-DE23-BF8F-46F230CAFE69"/>
</indexColumnUsage>
</ind_PK_UK>
</indexes>
</Table>