<?xml version = '1.0' encoding = 'UTF-8'?>
<Table class="oracle.dbtools.crest.model.design.relational.Table" directorySegmentName="seg_0" id="A3676A12-D8BF-20B9-5743-40838F8BC74F" name="Consumos">
<createdBy>Gabriela</createdBy>
<createdTime>2023-10-01 23:19:50 UTC</createdTime>
<generatorID>04E5083B-4941-41C1-37C5-968BE0B6F971</generatorID>
<ownerDesignName>2intento</ownerDesignName>
<allowColumnReorder>false</allowColumnReorder>
<existDependencyGenerateInDDl>true</existDependencyGenerateInDDl>
<parsed>true</parsed>
<columns itemClass="oracle.dbtools.crest.model.design.relational.Column">
<Column name="precioTotal" id="B49745B4-C760-870F-F717-176639BFA254">
<createdBy>Gabriela</createdBy>
<createdTime>2023-10-01 23:19:51 UTC</createdTime>
<generatorID>8C2DA27D-D9A9-D123-2B2D-13D5D4B30534</generatorID>
<ownerDesignName>2intento</ownerDesignName>
<useDomainConstraints>false</useDomainConstraints>
<use>1</use>
<logicalDatatype>LOGDT026</logicalDatatype>
<dataTypePrecision>13</dataTypePrecision>
<dataTypeScale>2</dataTypeScale>
<ownDataTypeParameters>,13,2</ownDataTypeParameters>
<autoIncrementCycle>false</autoIncrementCycle>
</Column>
<Column name="PlanesConsumo_tipo" id="F0F77471-391F-5D7A-4711-EFE0AA70EBB9">
<createdBy>Gabriela</createdBy>
<createdTime>2023-10-01 23:19:51 UTC</createdTime>
<generatorID>8A98D56A-20FE-22D4-D6A6-98698152C2B3</generatorID>
<ownerDesignName>2intento</ownerDesignName>
<nullsAllowed>true</nullsAllowed>
<useDomainConstraints>false</useDomainConstraints>
<use>1</use>
<logicalDatatype>LOGDT024</logicalDatatype>
<dataTypeSize>255</dataTypeSize>
<ownDataTypeParameters>,,</ownDataTypeParameters>
<previousColumn>false</previousColumn>
<autoIncrementCycle>false</autoIncrementCycle>
<associations>
<colAssociation fkAssociation="93164081-7D10-6B16-1184-437A02FE3D02" referredColumn="A78A1C56-0FDF-237A-E37E-5CFD7DEF4F5E"/>
</associations>
</Column>
<Column name="pazYSalvo" id="9A18F520-32B1-1A69-219F-C3BF58BC9DB7">
<createdBy>Gabriela</createdBy>
<createdTime>2023-10-01 23:19:51 UTC</createdTime>
<generatorID>F6099D62-0BB9-12FA-EFE6-08414D047790</generatorID>
<ownerDesignName>2intento</ownerDesignName>
<useDomainConstraints>false</useDomainConstraints>
<use>1</use>
<logicalDatatype>LOGDT006</logicalDatatype>
<dataTypeSize>1</dataTypeSize>
<ownDataTypeParameters>1,,</ownDataTypeParameters>
<autoIncrementCycle>false</autoIncrementCycle>
</Column>
<Column name="IdConsumo" id="AA1C454A-785E-8236-0EB1-92D4095B2DEB">
<createdBy>Gabriela</createdBy>
<createdTime>2023-10-01 23:19:51 UTC</createdTime>
<generatorID>604429B7-54C1-C090-7043-5C00D7C8CB42</generatorID>
<ownerDesignName>2intento</ownerDesignName>
<useDomainConstraints>false</useDomainConstraints>
<use>1</use>
<logicalDatatype>LOGDT011</logicalDatatype>
<ownDataTypeParameters>,,</ownDataTypeParameters>
<autoIncrementCycle>false</autoIncrementCycle>
</Column>
</columns>
<indexes itemClass="oracle.dbtools.crest.model.design.relational.Index">
<ind_PK_UK id="D96A65AF-349A-3EC5-ED63-AEA25382E023" name="Consumos_PK">
<createdBy>Gabriela</createdBy>
<createdTime>2023-10-01 23:19:51 UTC</createdTime>
<generatorID>45E769DD-553E-6E64-D84C-9C3AD1E58E9E</generatorID>
<ownerDesignName>2intento</ownerDesignName>
<pk>true</pk>
<indexState>Primary Constraint</indexState>
<isSurrogateKey>false</isSurrogateKey>
<indexColumnUsage>
<colUsage columnID="AA1C454A-785E-8236-0EB1-92D4095B2DEB"/>
</indexColumnUsage>
</ind_PK_UK>
<ind_PK_UK id="1C78D352-9B6F-8FE6-B515-2AD1C97D5CB4" name="Consumos__IDX">
<createdBy>Gabriela</createdBy>
<createdTime>2023-10-01 23:19:52 UTC</createdTime>
<ownerDesignName>2intento</ownerDesignName>
<indexState>Unique Plain Index</indexState>
<isSurrogateKey>false</isSurrogateKey>
<relationGeneratorID>C8EBE645-517B-B0AD-C3F5-B0C9FC20A124</relationGeneratorID>
<indexColumnUsage>
<colUsage columnID="F0F77471-391F-5D7A-4711-EFE0AA70EBB9"/>
</indexColumnUsage>
</ind_PK_UK>
<ind_PK_UK id="4928CF4B-D97B-C1A4-564F-73EBF5C982C0" name="Consumos_PlanesConsumo_FK">
<createdBy>Gabriela</createdBy>
<createdTime>2023-10-01 23:19:52 UTC</createdTime>
<generatorID>C8EBE645-517B-B0AD-C3F5-B0C9FC20A124</generatorID>
<ownerDesignName>2intento</ownerDesignName>
<indexState>Foreign Key</indexState>
<isSurrogateKey>false</isSurrogateKey>
<indexColumnUsage>
<colUsage columnID="F0F77471-391F-5D7A-4711-EFE0AA70EBB9"/>
</indexColumnUsage>
</ind_PK_UK>
</indexes>
</Table>