<?xml version = '1.0' encoding = 'UTF-8'?>
<Table class="oracle.dbtools.crest.model.design.relational.Table" directorySegmentName="seg_0" id="AA9604DD-2605-8EED-6915-8CDE9490E4DC" name="RestPlato">
<createdBy>Gabriela</createdBy>
<createdTime>2023-10-01 23:19:52 UTC</createdTime>
<ownerDesignName>2intento</ownerDesignName>
<allowColumnReorder>false</allowColumnReorder>
<existDependencyGenerateInDDl>true</existDependencyGenerateInDDl>
<parsed>true</parsed>
<columns itemClass="oracle.dbtools.crest.model.design.relational.Column">
<Column name="Rests_nombre" id="FFB74175-4F85-3A7A-41AE-6CAE454CCFB6">
<createdBy>Gabriela</createdBy>
<createdTime>2023-10-01 23:19:52 UTC</createdTime>
<ownerDesignName>2intento</ownerDesignName>
<useDomainConstraints>false</useDomainConstraints>
<use>1</use>
<logicalDatatype>LOGDT024</logicalDatatype>
<dataTypeSize>255</dataTypeSize>
<ownDataTypeParameters>,,</ownDataTypeParameters>
<previousColumn>false</previousColumn>
<autoIncrementCycle>false</autoIncrementCycle>
<associations>
<colAssociation fkAssociation="F693C60F-C98F-1C1A-1479-A67B8D5AAEF1" referredColumn="862CF00E-D9E8-A1F9-B701-505572490CFA"/>
</associations>
</Column>
<Column name="Platos_nombre" id="7016EB59-4872-4A40-FFC7-00B5DB2ED97C">
<createdBy>Gabriela</createdBy>
<createdTime>2023-10-01 23:19:52 UTC</createdTime>
<ownerDesignName>2intento</ownerDesignName>
<useDomainConstraints>false</useDomainConstraints>
<use>1</use>
<logicalDatatype>LOGDT024</logicalDatatype>
<dataTypeSize>255</dataTypeSize>
<ownDataTypeParameters>,,</ownDataTypeParameters>
<previousColumn>false</previousColumn>
<autoIncrementCycle>false</autoIncrementCycle>
<associations>
<colAssociation fkAssociation="16CF9E41-0CA4-1382-2E79-EC7027945B63" referredColumn="EBA46AC4-AC5E-6CD0-4964-534F04904FD3"/>
</associations>
</Column>
</columns>
<indexes itemClass="oracle.dbtools.crest.model.design.relational.Index">
<ind_PK_UK id="EFEA0370-E96E-10D0-F461-D0443022FFCD" name="RestPlato_PK">
<createdBy>Gabriela</createdBy>
<createdTime>2023-10-01 23:19:52 UTC</createdTime>
<ownerDesignName>2intento</ownerDesignName>
<pk>true</pk>
<indexState>Primary Constraint</indexState>
<isSurrogateKey>false</isSurrogateKey>
<indexColumnUsage>
<colUsage columnID="FFB74175-4F85-3A7A-41AE-6CAE454CCFB6"/>
<colUsage columnID="7016EB59-4872-4A40-FFC7-00B5DB2ED97C"/>
</indexColumnUsage>
</ind_PK_UK>
<ind_PK_UK id="6356B4D0-7BC1-19E3-06F1-4E893064B451" name="RestPlato_Rests_FK">
<createdBy>Gabriela</createdBy>
<createdTime>2023-10-01 23:19:52 UTC</createdTime>
<generatorID>33EAC3AB-E512-A02E-5B66-E573B7B736FC</generatorID>
<ownerDesignName>2intento</ownerDesignName>
<indexState>Foreign Key</indexState>
<isSurrogateKey>false</isSurrogateKey>
<indexColumnUsage>
<colUsage columnID="FFB74175-4F85-3A7A-41AE-6CAE454CCFB6"/>
</indexColumnUsage>
</ind_PK_UK>
<ind_PK_UK id="52AF7F0B-6149-628D-CA40-AAD526D31F00" name="RestPlato_Platos_FK">
<createdBy>Gabriela</createdBy>
<createdTime>2023-10-01 23:19:52 UTC</createdTime>
<generatorID>33EAC3AB-E512-A02E-5B66-E573B7B736FC</generatorID>
<ownerDesignName>2intento</ownerDesignName>
<indexState>Foreign Key</indexState>
<isSurrogateKey>false</isSurrogateKey>
<indexColumnUsage>
<colUsage columnID="7016EB59-4872-4A40-FFC7-00B5DB2ED97C"/>
</indexColumnUsage>
</ind_PK_UK>
</indexes>
</Table>