<?xml version = '1.0' encoding = 'UTF-8'?>
<Table class="oracle.dbtools.crest.model.design.relational.Table" directorySegmentName="seg_0" id="C30D3B91-6A91-1E55-B49E-6CF8813D1242" name="Reservas">
<createdBy>Gabriela</createdBy>
<createdTime>2023-10-01 23:19:51 UTC</createdTime>
<generatorID>26B55D13-ACEC-8D80-6441-6ED156A3DCFA</generatorID>
<ownerDesignName>2intento</ownerDesignName>
<allowColumnReorder>false</allowColumnReorder>
<existDependencyGenerateInDDl>true</existDependencyGenerateInDDl>
<parsed>true</parsed>
<columns itemClass="oracle.dbtools.crest.model.design.relational.Column">
<Column name="id_reserva" id="A5560328-EBA1-4634-E54F-B9348C80A104">
<createdBy>Gabriela</createdBy>
<createdTime>2023-10-01 23:19:51 UTC</createdTime>
<generatorID>D6CDF662-D480-A466-5E71-988603DE53BA</generatorID>
<ownerDesignName>2intento</ownerDesignName>
<useDomainConstraints>false</useDomainConstraints>
<use>1</use>
<logicalDatatype>LOGDT011</logicalDatatype>
<ownDataTypeParameters>,,</ownDataTypeParameters>
<autoIncrementCycle>false</autoIncrementCycle>
</Column>
<Column name="fechaEntrada" id="942AB403-67CC-23D3-6DD9-1597F1CB73B5">
<createdBy>Gabriela</createdBy>
<createdTime>2023-10-01 23:19:51 UTC</createdTime>
<generatorID>859A0964-7B79-DE48-E0C7-4C673930677F</generatorID>
<ownerDesignName>2intento</ownerDesignName>
<useDomainConstraints>false</useDomainConstraints>
<use>1</use>
<logicalDatatype>LOGDT007</logicalDatatype>
<ownDataTypeParameters>,,</ownDataTypeParameters>
<autoIncrementCycle>false</autoIncrementCycle>
</Column>
<Column name="fechaSalida" id="765640DF-1630-C1EF-537E-79B8FB8AA8B0">
<createdBy>Gabriela</createdBy>
<createdTime>2023-10-01 23:19:51 UTC</createdTime>
<generatorID>F0196B86-338F-D62A-D43E-682CA8799E42</generatorID>
<ownerDesignName>2intento</ownerDesignName>
<useDomainConstraints>false</useDomainConstraints>
<use>1</use>
<logicalDatatype>LOGDT007</logicalDatatype>
<ownDataTypeParameters>,,</ownDataTypeParameters>
<autoIncrementCycle>false</autoIncrementCycle>
</Column>
<Column name="numPersonas" id="8F8C1A7B-FD86-D4DF-77D9-8FA645EF5000">
<createdBy>Gabriela</createdBy>
<createdTime>2023-10-01 23:19:51 UTC</createdTime>
<generatorID>3727C13B-6D1F-BEEA-12EF-96299811770C</generatorID>
<ownerDesignName>2intento</ownerDesignName>
<useDomainConstraints>false</useDomainConstraints>
<use>1</use>
<logicalDatatype>LOGDT011</logicalDatatype>
<ownDataTypeParameters>,,</ownDataTypeParameters>
<autoIncrementCycle>false</autoIncrementCycle>
</Column>
<Column name="estado" id="B5D62F91-5607-50A5-83AA-395375349CB0">
<createdBy>Gabriela</createdBy>
<createdTime>2023-10-01 23:19:51 UTC</createdTime>
<generatorID>298AA769-A607-57B3-B12B-F3BC01962544</generatorID>
<ownerDesignName>2intento</ownerDesignName>
<useDomainConstraints>false</useDomainConstraints>
<use>1</use>
<logicalDatatype>LOGDT006</logicalDatatype>
<dataTypeSize>1</dataTypeSize>
<ownDataTypeParameters>1,,</ownDataTypeParameters>
<autoIncrementCycle>false</autoIncrementCycle>
</Column>
<Column name="PlanesConsumo_tipo" id="FE11D24B-3E45-50D5-165D-62DC4A6CBBB3">
<createdBy>Gabriela</createdBy>
<createdTime>2023-10-01 23:19:51 UTC</createdTime>
<generatorID>B8756938-89AD-F1AC-C776-966FFB313263</generatorID>
<ownerDesignName>2intento</ownerDesignName>
<nullsAllowed>true</nullsAllowed>
<useDomainConstraints>false</useDomainConstraints>
<use>1</use>
<logicalDatatype>LOGDT024</logicalDatatype>
<dataTypeSize>255</dataTypeSize>
<ownDataTypeParameters>,,</ownDataTypeParameters>
<previousColumn>false</previousColumn>
<autoIncrementCycle>false</autoIncrementCycle>
<associations>
<colAssociation fkAssociation="296B0026-1384-D778-BF27-CD81BC93A0D1" referredColumn="A78A1C56-0FDF-237A-E37E-5CFD7DEF4F5E"/>
</associations>
</Column>
<Column name="precioReserva" id="20ADBD86-B05E-C157-CA81-0E1C8E1E4968">
<createdBy>Gabriela</createdBy>
<createdTime>2023-10-01 23:19:51 UTC</createdTime>
<generatorID>73113CEF-5DEB-1DA6-FCE8-290472B9FB61</generatorID>
<ownerDesignName>2intento</ownerDesignName>
<useDomainConstraints>false</useDomainConstraints>
<use>1</use>
<logicalDatatype>LOGDT026</logicalDatatype>
<dataTypePrecision>13</dataTypePrecision>
<dataTypeScale>2</dataTypeScale>
<ownDataTypeParameters>,13,2</ownDataTypeParameters>
<autoIncrementCycle>false</autoIncrementCycle>
</Column>
<Column name="Usuarios_id" id="27E946E3-F806-CD68-E0DE-677700762CB8">
<createdBy>Gabriela</createdBy>
<createdTime>2023-10-01 23:19:51 UTC</createdTime>
<generatorID>1204F768-3F3C-EC9D-1A01-D60FB86B4165</generatorID>
<ownerDesignName>2intento</ownerDesignName>
<useDomainConstraints>false</useDomainConstraints>
<use>1</use>
<logicalDatatype>LOGDT011</logicalDatatype>
<ownDataTypeParameters>,,</ownDataTypeParameters>
<previousColumn>false</previousColumn>
<autoIncrementCycle>false</autoIncrementCycle>
<associations>
<colAssociation fkAssociation="0710E252-5FE0-6CEF-B880-5CAD1FEB35B3" referredColumn="E0234E9D-2155-43A0-6096-F3A3A869D732"/>
</associations>
</Column>
</columns>
<indexes itemClass="oracle.dbtools.crest.model.design.relational.Index">
<ind_PK_UK id="21E76ECD-16D4-A98F-54D2-758051291405" name="Reservas_PK">
<createdBy>Gabriela</createdBy>
<createdTime>2023-10-01 23:19:51 UTC</createdTime>
<generatorID>2CFAB59E-CCCC-8146-EB8D-B55F8526F032</generatorID>
<ownerDesignName>2intento</ownerDesignName>
<pk>true</pk>
<indexState>Primary Constraint</indexState>
<isSurrogateKey>false</isSurrogateKey>
<indexColumnUsage>
<colUsage columnID="A5560328-EBA1-4634-E54F-B9348C80A104"/>
</indexColumnUsage>
</ind_PK_UK>
<ind_PK_UK id="08E2A0C8-EACD-55B3-AE61-78C38A51D70D" name="Reservas__IDX">
<createdBy>Gabriela</createdBy>
<createdTime>2023-10-01 23:19:52 UTC</createdTime>
<ownerDesignName>2intento</ownerDesignName>
<indexState>Unique Plain Index</indexState>
<isSurrogateKey>false</isSurrogateKey>
<relationGeneratorID>35ABACD8-690E-5EA1-087A-82E80CFA73ED</relationGeneratorID>
<indexColumnUsage>
<colUsage columnID="FE11D24B-3E45-50D5-165D-62DC4A6CBBB3"/>
</indexColumnUsage>
</ind_PK_UK>
<ind_PK_UK id="5B47937F-4838-98D2-BB33-DB55C159AE57" name="Reservas_PlanesConsumo_FK">
<createdBy>Gabriela</createdBy>
<createdTime>2023-10-01 23:19:52 UTC</createdTime>
<generatorID>35ABACD8-690E-5EA1-087A-82E80CFA73ED</generatorID>
<ownerDesignName>2intento</ownerDesignName>
<indexState>Foreign Key</indexState>
<isSurrogateKey>false</isSurrogateKey>
<indexColumnUsage>
<colUsage columnID="FE11D24B-3E45-50D5-165D-62DC4A6CBBB3"/>
</indexColumnUsage>
</ind_PK_UK>
<ind_PK_UK id="048839F7-2F85-3C29-730B-1CE376E310B2" name="Reservas_Usuarios_FK">
<createdBy>Gabriela</createdBy>
<createdTime>2023-10-01 23:19:52 UTC</createdTime>
<generatorID>DF03467B-72BE-0358-257E-A0814B55188D</generatorID>
<ownerDesignName>2intento</ownerDesignName>
<indexState>Foreign Key</indexState>
<isSurrogateKey>false</isSurrogateKey>
<indexColumnUsage>
<colUsage columnID="27E946E3-F806-CD68-E0DE-677700762CB8"/>
</indexColumnUsage>
</ind_PK_UK>
</indexes>
</Table>