<?xml version = '1.0' encoding = 'UTF-8'?>
<Table class="oracle.dbtools.crest.model.design.relational.Table" directorySegmentName="seg_0" id="C3C4A2E4-54CB-6164-7D3D-5D8DF694CB30" name="platosConsumidos">
<createdBy>Gabriela</createdBy>
<createdTime>2023-10-01 23:19:52 UTC</createdTime>
<ownerDesignName>2intento</ownerDesignName>
<allowColumnReorder>false</allowColumnReorder>
<existDependencyGenerateInDDl>true</existDependencyGenerateInDDl>
<parsed>true</parsed>
<columns itemClass="oracle.dbtools.crest.model.design.relational.Column">
<Column name="Consumos_IdConsumo" id="9135FD5C-CB20-FD08-1314-4C526A88CBA7">
<createdBy>Gabriela</createdBy>
<createdTime>2023-10-01 23:19:52 UTC</createdTime>
<ownerDesignName>2intento</ownerDesignName>
<useDomainConstraints>false</useDomainConstraints>
<use>1</use>
<logicalDatatype>LOGDT011</logicalDatatype>
<ownDataTypeParameters>,,</ownDataTypeParameters>
<previousColumn>false</previousColumn>
<autoIncrementCycle>false</autoIncrementCycle>
<associations>
<colAssociation fkAssociation="A0D536D2-6CB8-F611-E37A-FBB927DB29F5" referredColumn="AA1C454A-785E-8236-0EB1-92D4095B2DEB"/>
</associations>
</Column>
<Column name="Platos_nombre" id="065C52CF-1CBA-768B-DFCF-8D3ACD7C0A2D">
<createdBy>Gabriela</createdBy>
<createdTime>2023-10-01 23:19:52 UTC</createdTime>
<ownerDesignName>2intento</ownerDesignName>
<useDomainConstraints>false</useDomainConstraints>
<use>1</use>
<logicalDatatype>LOGDT024</logicalDatatype>
<dataTypeSize>255</dataTypeSize>
<ownDataTypeParameters>,,</ownDataTypeParameters>
<previousColumn>false</previousColumn>
<autoIncrementCycle>false</autoIncrementCycle>
<associations>
<colAssociation fkAssociation="46DF2CE4-8201-9AA7-929A-1F80A8FDC8FB" referredColumn="EBA46AC4-AC5E-6CD0-4964-534F04904FD3"/>
</associations>
</Column>
</columns>
<indexes itemClass="oracle.dbtools.crest.model.design.relational.Index">
<ind_PK_UK id="9078E247-6743-9A3A-1705-A8684A012089" name="platosConsumidos_PK">
<createdBy>Gabriela</createdBy>
<createdTime>2023-10-01 23:19:52 UTC</createdTime>
<ownerDesignName>2intento</ownerDesignName>
<pk>true</pk>
<indexState>Primary Constraint</indexState>
<isSurrogateKey>false</isSurrogateKey>
<indexColumnUsage>
<colUsage columnID="9135FD5C-CB20-FD08-1314-4C526A88CBA7"/>
<colUsage columnID="065C52CF-1CBA-768B-DFCF-8D3ACD7C0A2D"/>
</indexColumnUsage>
</ind_PK_UK>
<ind_PK_UK id="8C23E088-9A07-CFFC-E383-2D89366BB9B8" name="platosConsumidos_Consumos_FK">
<createdBy>Gabriela</createdBy>
<createdTime>2023-10-01 23:19:52 UTC</createdTime>
<generatorID>F3D8B420-1027-23CD-9BAB-F72E37F1AF3C</generatorID>
<ownerDesignName>2intento</ownerDesignName>
<indexState>Foreign Key</indexState>
<isSurrogateKey>false</isSurrogateKey>
<indexColumnUsage>
<colUsage columnID="9135FD5C-CB20-FD08-1314-4C526A88CBA7"/>
</indexColumnUsage>
</ind_PK_UK>
<ind_PK_UK id="BBB8E942-536F-B8A4-CB3B-DC715B0BD5AF" name="platosConsumidos_Platos_FK">
<createdBy>Gabriela</createdBy>
<createdTime>2023-10-01 23:19:52 UTC</createdTime>
<generatorID>F3D8B420-1027-23CD-9BAB-F72E37F1AF3C</generatorID>
<ownerDesignName>2intento</ownerDesignName>
<indexState>Foreign Key</indexState>
<isSurrogateKey>false</isSurrogateKey>
<indexColumnUsage>
<colUsage columnID="065C52CF-1CBA-768B-DFCF-8D3ACD7C0A2D"/>
</indexColumnUsage>
</ind_PK_UK>
</indexes>
</Table>