<?xml version = '1.0' encoding = 'UTF-8'?>
<Table class="oracle.dbtools.crest.model.design.relational.Table" directorySegmentName="seg_0" id="CCB4A3A2-1F70-F4E3-1B09-9A14A28A2DA0" name="Utensilios">
<createdBy>Gabriela</createdBy>
<createdTime>2023-10-01 23:19:51 UTC</createdTime>
<generatorID>F2DF0CDB-8DFA-41D3-2A8C-F3A0D643864F</generatorID>
<ownerDesignName>2intento</ownerDesignName>
<allowColumnReorder>false</allowColumnReorder>
<existDependencyGenerateInDDl>true</existDependencyGenerateInDDl>
<parsed>true</parsed>
<columns itemClass="oracle.dbtools.crest.model.design.relational.Column">
<Column name="id" id="A00DB5F4-EAB5-106E-4A28-D743D0FBC0DF">
<createdBy>Gabriela</createdBy>
<createdTime>2023-10-01 23:19:51 UTC</createdTime>
<generatorID>917AF345-C0DC-4E71-6DAA-3D8E5EE12A54</generatorID>
<ownerDesignName>2intento</ownerDesignName>
<useDomainConstraints>false</useDomainConstraints>
<use>1</use>
<logicalDatatype>LOGDT011</logicalDatatype>
<ownDataTypeParameters>,,</ownDataTypeParameters>
<autoIncrementCycle>false</autoIncrementCycle>
</Column>
<Column name="nombre" id="077FC0F0-CAA3-9DC0-3D88-10B87A543154">
<createdBy>Gabriela</createdBy>
<createdTime>2023-10-01 23:19:51 UTC</createdTime>
<generatorID>721D9656-AD85-78D2-B1C1-15917EFBFF78</generatorID>
<ownerDesignName>2intento</ownerDesignName>
<useDomainConstraints>false</useDomainConstraints>
<use>1</use>
<logicalDatatype>LOGDT024</logicalDatatype>
<dataTypeSize>255 BYTE</dataTypeSize>
<ownDataTypeParameters>255 BYTE,,</ownDataTypeParameters>
<autoIncrementCycle>false</autoIncrementCycle>
</Column>
<Column name="PrestamosUt_idUtensilio" id="BD8F7693-70AD-657E-B8E8-D9647BDD0D84">
<createdBy>Gabriela</createdBy>
<createdTime>2023-10-01 23:19:51 UTC</createdTime>
<generatorID>6912EC1F-D225-C148-E476-46032412BE60</generatorID>
<ownerDesignName>2intento</ownerDesignName>
<useDomainConstraints>false</useDomainConstraints>
<use>1</use>
<logicalDatatype>LOGDT011</logicalDatatype>
<ownDataTypeParameters>,,</ownDataTypeParameters>
<previousColumn>false</previousColumn>
<autoIncrementCycle>false</autoIncrementCycle>
<associations>
<colAssociation fkAssociation="4191AF3E-A102-2E20-5100-8B1DDBC92E5B" referredColumn="2BB02686-04C1-0558-F3A3-E2A0DF8D7568"/>
</associations>
</Column>
</columns>
<indexes itemClass="oracle.dbtools.crest.model.design.relational.Index">
<ind_PK_UK id="AD441AC8-D7D4-2818-A132-4A47BF0FE795" name="Utensilios_PK">
<createdBy>Gabriela</createdBy>
<createdTime>2023-10-01 23:19:51 UTC</createdTime>
<generatorID>69B7D596-D98B-D047-AF18-FFF40A97D61F</generatorID>
<ownerDesignName>2intento</ownerDesignName>
<pk>true</pk>
<indexState>Primary Constraint</indexState>
<isSurrogateKey>false</isSurrogateKey>
<indexColumnUsage>
<colUsage columnID="A00DB5F4-EAB5-106E-4A28-D743D0FBC0DF"/>
</indexColumnUsage>
</ind_PK_UK>
<ind_PK_UK id="720DFC6A-639E-D87C-7F23-A326DEDE879E" name="Utensilios_PrestamosUt_FK">
<createdBy>Gabriela</createdBy>
<createdTime>2023-10-01 23:19:52 UTC</createdTime>
<generatorID>287F3203-DDF0-6E47-7959-766E1A07F837</generatorID>
<ownerDesignName>2intento</ownerDesignName>
<indexState>Foreign Key</indexState>
<isSurrogateKey>false</isSurrogateKey>
<indexColumnUsage>
<colUsage columnID="BD8F7693-70AD-657E-B8E8-D9647BDD0D84"/>
</indexColumnUsage>
</ind_PK_UK>
</indexes>
</Table>