<?xml version = '1.0' encoding = 'UTF-8'?>
<Table class="oracle.dbtools.crest.model.design.relational.Table" directorySegmentName="seg_0" id="EC3DAD03-895F-83D1-AA5D-314F5EC96406" name="Salones">
<createdBy>Gabriela</createdBy>
<createdTime>2023-10-01 23:19:51 UTC</createdTime>
<generatorID>256FEFE3-3F49-2506-63FC-74DB56633C31</generatorID>
<ownerDesignName>2intento</ownerDesignName>
<allowColumnReorder>false</allowColumnReorder>
<existDependencyGenerateInDDl>true</existDependencyGenerateInDDl>
<parsed>true</parsed>
<columns itemClass="oracle.dbtools.crest.model.design.relational.Column">
<Column name="tipoSalon" id="2439E22D-54E4-E28F-FCA1-F551198688AD">
<createdBy>Gabriela</createdBy>
<createdTime>2023-10-01 23:19:51 UTC</createdTime>
<generatorID>1FA54CC3-749E-BDEA-7A11-930674ABF766</generatorID>
<ownerDesignName>2intento</ownerDesignName>
<useDomainConstraints>false</useDomainConstraints>
<use>1</use>
<logicalDatatype>LOGDT024</logicalDatatype>
<dataTypeSize>255</dataTypeSize>
<listOfValues>
<valueDef value="CONFERENCIA" description="Cientos de personas, préstamo de utensilios incluido"/>
<valueDef value="REUNION" description="Hasta 12 personas y costo adicional por uso de utensilios"/>
</listOfValues>
<ownDataTypeParameters>255,,</ownDataTypeParameters>
<autoIncrementCycle>false</autoIncrementCycle>
</Column>
<Column name="ocupado" id="FB8B25B1-8EE0-CD48-B347-7B2AFFE85851">
<createdBy>Gabriela</createdBy>
<createdTime>2023-10-01 23:19:51 UTC</createdTime>
<generatorID>BC09777B-B1B3-0BBB-9E7A-7F462DBA4D69</generatorID>
<ownerDesignName>2intento</ownerDesignName>
<useDomainConstraints>false</useDomainConstraints>
<use>1</use>
<logicalDatatype>LOGDT006</logicalDatatype>
<dataTypeSize>1</dataTypeSize>
<ownDataTypeParameters>1,,</ownDataTypeParameters>
<autoIncrementCycle>false</autoIncrementCycle>
</Column>
<Column name="horarioApertura" id="4A62C80E-0EAF-CC78-6550-3A9987FF06B8">
<createdBy>Gabriela</createdBy>
<createdTime>2023-10-01 23:19:51 UTC</createdTime>
<generatorID>6087EDBA-AE1C-6E5D-F95D-4CD411E8DF88</generatorID>
<ownerDesignName>2intento</ownerDesignName>
<nullsAllowed>true</nullsAllowed>
<useDomainConstraints>false</useDomainConstraints>
<use>1</use>
<logicalDatatype>LOGDT014</logicalDatatype>
<ownDataTypeParameters>,,</ownDataTypeParameters>
<autoIncrementCycle>false</autoIncrementCycle>
</Column>
<Column name="horarioCierre" id="4668C4F3-A165-DA83-5866-D6C1009B227F">
<createdBy>Gabriela</createdBy>
<createdTime>2023-10-01 23:19:51 UTC</createdTime>
<generatorID>A4DDE0E0-FB42-FC86-FB5E-45CB16F2604A</generatorID>
<ownerDesignName>2intento</ownerDesignName>
<nullsAllowed>true</nullsAllowed>
<useDomainConstraints>false</useDomainConstraints>
<use>1</use>
<logicalDatatype>LOGDT014</logicalDatatype>
<ownDataTypeParameters>,,</ownDataTypeParameters>
<autoIncrementCycle>false</autoIncrementCycle>
</Column>
<Column name="precio" id="C369EE02-2CF1-1C3D-3066-DE20C23DE2A6">
<createdBy>Gabriela</createdBy>
<createdTime>2023-10-01 23:19:51 UTC</createdTime>
<generatorID>6AA19D17-4D11-E7FB-5F68-E22EB599CC25</generatorID>
<ownerDesignName>2intento</ownerDesignName>
<useDomainConstraints>false</useDomainConstraints>
<use>1</use>
<logicalDatatype>LOGDT026</logicalDatatype>
<dataTypePrecision>13</dataTypePrecision>
<dataTypeScale>2</dataTypeScale>
<ownDataTypeParameters>,13,2</ownDataTypeParameters>
<autoIncrementCycle>false</autoIncrementCycle>
</Column>
<Column name="nombre" id="F75F7A37-DBF8-B6C1-0E6C-1B3DA113F80C">
<createdBy>Gabriela</createdBy>
<createdTime>2023-10-01 23:19:51 UTC</createdTime>
<generatorID>01192AE5-40CB-0F16-BC45-72751352A36F</generatorID>
<ownerDesignName>2intento</ownerDesignName>
<useDomainConstraints>false</useDomainConstraints>
<use>1</use>
<logicalDatatype>LOGDT024</logicalDatatype>
<dataTypeSize>255</dataTypeSize>
<ownDataTypeParameters>255,,</ownDataTypeParameters>
<autoIncrementCycle>false</autoIncrementCycle>
</Column>
<Column name="capacidad" id="FC96D53F-48BE-72FF-D874-8972D4C58B66">
<createdBy>Gabriela</createdBy>
<createdTime>2023-10-01 23:19:51 UTC</createdTime>
<generatorID>69B5EB4D-B7C6-B156-8914-DF481864DC99</generatorID>
<ownerDesignName>2intento</ownerDesignName>
<nullsAllowed>true</nullsAllowed>
<useDomainConstraints>false</useDomainConstraints>
<use>1</use>
<logicalDatatype>LOGDT011</logicalDatatype>
<ownDataTypeParameters>,,</ownDataTypeParameters>
<autoIncrementCycle>false</autoIncrementCycle>
</Column>
<Column name="Consumos_IdConsumo" id="5B13FE71-51C8-8F1A-8264-DA9B020A4974">
<createdBy>Gabriela</createdBy>
<createdTime>2023-10-01 23:19:51 UTC</createdTime>
<generatorID>7452D3AE-4879-7417-3172-97406E063A85</generatorID>
<ownerDesignName>2intento</ownerDesignName>
<nullsAllowed>true</nullsAllowed>
<useDomainConstraints>false</useDomainConstraints>
<use>1</use>
<logicalDatatype>LOGDT011</logicalDatatype>
<ownDataTypeParameters>,,</ownDataTypeParameters>
<previousColumn>false</previousColumn>
<autoIncrementCycle>false</autoIncrementCycle>
<associations>
<colAssociation fkAssociation="93F847BB-4BA9-581A-FDA3-51CCA6E38ABF" referredColumn="AA1C454A-785E-8236-0EB1-92D4095B2DEB"/>
</associations>
</Column>
</columns>
<indexes itemClass="oracle.dbtools.crest.model.design.relational.Index">
<ind_PK_UK id="F0445140-6934-4455-9028-179A148BE1BC" name="Salones_PK">
<createdBy>Gabriela</createdBy>
<createdTime>2023-10-01 23:19:51 UTC</createdTime>
<generatorID>8476EBA6-7CD2-7D11-CD49-864F641DBFCA</generatorID>
<ownerDesignName>2intento</ownerDesignName>
<pk>true</pk>
<indexState>Primary Constraint</indexState>
<isSurrogateKey>false</isSurrogateKey>
<indexColumnUsage>
<colUsage columnID="F75F7A37-DBF8-B6C1-0E6C-1B3DA113F80C"/>
</indexColumnUsage>
</ind_PK_UK>
<ind_PK_UK id="A182BAB8-2459-31AE-16AF-ED525DFA3447" name="Salones_Consumos_FK">
<createdBy>Gabriela</createdBy>
<createdTime>2023-10-01 23:19:51 UTC</createdTime>
<generatorID>FF50FB6E-4366-5863-3414-F0F14AE33E54</generatorID>
<ownerDesignName>2intento</ownerDesignName>
<indexState>Foreign Key</indexState>
<isSurrogateKey>false</isSurrogateKey>
<indexColumnUsage>
<colUsage columnID="5B13FE71-51C8-8F1A-8264-DA9B020A4974"/>
</indexColumnUsage>
</ind_PK_UK>
</indexes>
</Table>