<?xml version = '1.0' encoding = 'UTF-8'?>
<Table class="oracle.dbtools.crest.model.design.relational.Table" directorySegmentName="seg_0" id="F528A234-3D23-1241-07C3-83168627ED4E" name="Productos">
<createdBy>Gabriela</createdBy>
<createdTime>2023-10-01 23:19:51 UTC</createdTime>
<generatorID>E13A46A2-1C8D-E0CE-90DC-F515B7548044</generatorID>
<ownerDesignName>2intento</ownerDesignName>
<allowColumnReorder>false</allowColumnReorder>
<existDependencyGenerateInDDl>true</existDependencyGenerateInDDl>
<parsed>true</parsed>
<columns itemClass="oracle.dbtools.crest.model.design.relational.Column">
<Column name="nombre" id="9E010678-19B9-9859-1CB5-BC76DE1B2FB4">
<createdBy>Gabriela</createdBy>
<createdTime>2023-10-01 23:19:51 UTC</createdTime>
<generatorID>6F1B5093-8EC6-7BBD-911C-8F8915177B1B</generatorID>
<ownerDesignName>2intento</ownerDesignName>
<useDomainConstraints>false</useDomainConstraints>
<use>1</use>
<logicalDatatype>LOGDT024</logicalDatatype>
<dataTypeSize>255</dataTypeSize>
<ownDataTypeParameters>255,,</ownDataTypeParameters>
<autoIncrementCycle>false</autoIncrementCycle>
</Column>
<Column name="precio" id="3C546A2E-3CB9-33DA-D44E-EF6501EC1102">
<createdBy>Gabriela</createdBy>
<createdTime>2023-10-01 23:19:51 UTC</createdTime>
<generatorID>D22A0053-52E5-DA5B-237A-7CFFB4D513F5</generatorID>
<ownerDesignName>2intento</ownerDesignName>
<useDomainConstraints>false</useDomainConstraints>
<use>1</use>
<logicalDatatype>LOGDT026</logicalDatatype>
<dataTypePrecision>13</dataTypePrecision>
<dataTypeScale>2</dataTypeScale>
<ownDataTypeParameters>,13,2</ownDataTypeParameters>
<autoIncrementCycle>false</autoIncrementCycle>
</Column>
<Column name="SMercados_nombre" id="C2C44755-01F8-5D5F-31DA-08DFB855FC68">
<createdBy>Gabriela</createdBy>
<createdTime>2023-10-01 23:19:51 UTC</createdTime>
<generatorID>34A595CF-45F8-035D-61EE-80EF07FD3C6A</generatorID>
<ownerDesignName>2intento</ownerDesignName>
<nullsAllowed>true</nullsAllowed>
<useDomainConstraints>false</useDomainConstraints>
<use>1</use>
<logicalDatatype>LOGDT024</logicalDatatype>
<dataTypeSize>255</dataTypeSize>
<ownDataTypeParameters>,,</ownDataTypeParameters>
<previousColumn>false</previousColumn>
<autoIncrementCycle>false</autoIncrementCycle>
<associations>
<colAssociation fkAssociation="01231983-149A-FD15-A502-BBCE5C1CAC6C" referredColumn="A5DC3FAD-FF36-EAEE-CE60-91D950B7C908"/>
</associations>
</Column>
<Column name="Tiendas_nombre" id="69888A67-A835-5643-0F95-0E78BFA79A7A">
<createdBy>Gabriela</createdBy>
<createdTime>2023-10-01 23:19:51 UTC</createdTime>
<generatorID>F58D22A4-F5B8-903F-DA4E-A3755D0D6A28</generatorID>
<ownerDesignName>2intento</ownerDesignName>
<nullsAllowed>true</nullsAllowed>
<useDomainConstraints>false</useDomainConstraints>
<use>1</use>
<logicalDatatype>LOGDT024</logicalDatatype>
<dataTypeSize>255</dataTypeSize>
<ownDataTypeParameters>,,</ownDataTypeParameters>
<previousColumn>false</previousColumn>
<autoIncrementCycle>false</autoIncrementCycle>
<associations>
<colAssociation fkAssociation="B848FB98-9F0C-2471-5A48-99F9E1129274" referredColumn="D6A058F7-428C-64EF-BDF8-73D00AC3DC32"/>
</associations>
</Column>
</columns>
<indexes itemClass="oracle.dbtools.crest.model.design.relational.Index">
<ind_PK_UK id="E21AA65A-327F-D71D-BB35-E8DDFDBA7149" name="Productos_PK">
<createdBy>Gabriela</createdBy>
<createdTime>2023-10-01 23:19:51 UTC</createdTime>
<generatorID>5EB90175-4DB9-116C-1943-9E1B51EBB3A8</generatorID>
<ownerDesignName>2intento</ownerDesignName>
<pk>true</pk>
<indexState>Primary Constraint</indexState>
<isSurrogateKey>false</isSurrogateKey>
<indexColumnUsage>
<colUsage columnID="9E010678-19B9-9859-1CB5-BC76DE1B2FB4"/>
</indexColumnUsage>
</ind_PK_UK>
<ind_PK_UK id="2267EFC0-BF50-4CFD-DC34-D815258C9683" name="Productos_SMercados_FK">
<createdBy>Gabriela</createdBy>
<createdTime>2023-10-01 23:19:52 UTC</createdTime>
<generatorID>C846EE08-6810-7898-523E-A4BB471810ED</generatorID>
<ownerDesignName>2intento</ownerDesignName>
<indexState>Foreign Key</indexState>
<isSurrogateKey>false</isSurrogateKey>
<indexColumnUsage>
<colUsage columnID="C2C44755-01F8-5D5F-31DA-08DFB855FC68"/>
</indexColumnUsage>
</ind_PK_UK>
<ind_PK_UK id="C17A5950-BB03-2CA2-1F6D-BA1A2CFF738D" name="Productos_Tiendas_FK">
<createdBy>Gabriela</createdBy>
<createdTime>2023-10-01 23:19:52 UTC</createdTime>
<generatorID>06693CDC-2D3C-715E-712C-1DAF9F720805</generatorID>
<ownerDesignName>2intento</ownerDesignName>
<indexState>Foreign Key</indexState>
<isSurrogateKey>false</isSurrogateKey>
<indexColumnUsage>
<colUsage columnID="69888A67-A835-5643-0F95-0E78BFA79A7A"/>
</indexColumnUsage>
</ind_PK_UK>
</indexes>
</Table>