<?xml version = '1.0' encoding = 'UTF-8'?>
<Table class="oracle.dbtools.crest.model.design.relational.Table" directorySegmentName="seg_0" id="FF5BA984-FFB3-30BC-5291-30E7BE3C54C5" name="PlanesConsumo">
<createdBy>Gabriela</createdBy>
<createdTime>2023-10-01 23:19:51 UTC</createdTime>
<generatorID>155D3FE2-BAB4-5110-3D0B-72765A12E04F</generatorID>
<ownerDesignName>2intento</ownerDesignName>
<allowColumnReorder>false</allowColumnReorder>
<existDependencyGenerateInDDl>true</existDependencyGenerateInDDl>
<parsed>true</parsed>
<columns itemClass="oracle.dbtools.crest.model.design.relational.Column">
<Column name="tipo" id="A78A1C56-0FDF-237A-E37E-5CFD7DEF4F5E">
<createdBy>Gabriela</createdBy>
<createdTime>2023-10-01 23:19:51 UTC</createdTime>
<generatorID>C340FFF1-EB18-5E73-614C-1CBC525C7A5A</generatorID>
<ownerDesignName>2intento</ownerDesignName>
<useDomainConstraints>false</useDomainConstraints>
<use>1</use>
<logicalDatatype>LOGDT024</logicalDatatype>
<dataTypeSize>255</dataTypeSize>
<ownDataTypeParameters>255,,</ownDataTypeParameters>
<autoIncrementCycle>false</autoIncrementCycle>
</Column>
<Column name="descuento" id="DBF10A85-D1AB-8443-20E6-7EB279519E53">
<createdBy>Gabriela</createdBy>
<createdTime>2023-10-01 23:19:51 UTC</createdTime>
<generatorID>1D97CB7D-C918-9A37-374F-91CD7B5F6AAA</generatorID>
<ownerDesignName>2intento</ownerDesignName>
<nullsAllowed>true</nullsAllowed>
<useDomainConstraints>false</useDomainConstraints>
<use>1</use>
<logicalDatatype>LOGDT011</logicalDatatype>
<ownDataTypeParameters>,,</ownDataTypeParameters>
<autoIncrementCycle>false</autoIncrementCycle>
</Column>
<Column name="descripcion" id="56CD1D38-0F80-B7D1-5D57-38844344C38B">
<createdBy>Gabriela</createdBy>
<createdTime>2023-10-01 23:19:51 UTC</createdTime>
<generatorID>F9036B7E-5423-8A1D-FD04-3E45D6D07076</generatorID>
<ownerDesignName>2intento</ownerDesignName>
<useDomainConstraints>false</useDomainConstraints>
<use>1</use>
<logicalDatatype>LOGDT024</logicalDatatype>
<dataTypeSize>255</dataTypeSize>
<ownDataTypeParameters>255,,</ownDataTypeParameters>
<autoIncrementCycle>false</autoIncrementCycle>
</Column>
<Column name="descuentoBar" id="9F87B5FF-2A5C-C201-009C-5B74A9B96C33">
<createdBy>Gabriela</createdBy>
<createdTime>2023-10-01 23:19:51 UTC</createdTime>
<generatorID>66213E7F-4C22-7E1C-7918-D056EC3F3911</generatorID>
<ownerDesignName>2intento</ownerDesignName>
<nullsAllowed>true</nullsAllowed>
<useDomainConstraints>false</useDomainConstraints>
<use>1</use>
<logicalDatatype>LOGDT006</logicalDatatype>
<dataTypeSize>1</dataTypeSize>
<ownDataTypeParameters>1,,</ownDataTypeParameters>
<autoIncrementCycle>false</autoIncrementCycle>
</Column>
<Column name="descuentoRest" id="6F50D0D8-2B72-8217-BDB6-7F2ACC9D7581">
<createdBy>Gabriela</createdBy>
<createdTime>2023-10-01 23:19:51 UTC</createdTime>
<generatorID>C4EF8CBF-7567-FB20-2CD9-A4D479D0FF8C</generatorID>
<ownerDesignName>2intento</ownerDesignName>
<nullsAllowed>true</nullsAllowed>
<useDomainConstraints>false</useDomainConstraints>
<use>1</use>
<logicalDatatype>LOGDT006</logicalDatatype>
<dataTypeSize>1</dataTypeSize>
<ownDataTypeParameters>1,,</ownDataTypeParameters>
<autoIncrementCycle>false</autoIncrementCycle>
</Column>
<Column name="descuentoSpa" id="DDC1A7D1-0F49-E577-FC92-5391B4D8EB58">
<createdBy>Gabriela</createdBy>
<createdTime>2023-10-01 23:19:51 UTC</createdTime>
<generatorID>78E7DDB4-E62F-F492-701C-53D4538344A7</generatorID>
<ownerDesignName>2intento</ownerDesignName>
<nullsAllowed>true</nullsAllowed>
<useDomainConstraints>false</useDomainConstraints>
<use>1</use>
<logicalDatatype>LOGDT006</logicalDatatype>
<dataTypeSize>1</dataTypeSize>
<ownDataTypeParameters>1,,</ownDataTypeParameters>
<autoIncrementCycle>false</autoIncrementCycle>
</Column>
<Column name="limiteBebidas" id="BC7756A8-10A0-08F3-3F94-48E8640920B7">
<createdBy>Gabriela</createdBy>
<createdTime>2023-10-01 23:19:51 UTC</createdTime>
<generatorID>348FFC42-47D5-C2C0-968A-6841342C671B</generatorID>
<ownerDesignName>2intento</ownerDesignName>
<nullsAllowed>true</nullsAllowed>
<useDomainConstraints>false</useDomainConstraints>
<use>1</use>
<logicalDatatype>LOGDT011</logicalDatatype>
<ownDataTypeParameters>,,</ownDataTypeParameters>
<autoIncrementCycle>false</autoIncrementCycle>
</Column>
<Column name="descuentoLavado" id="593B198B-3979-221B-9BDA-D850150FFF93">
<createdBy>Gabriela</createdBy>
<createdTime>2023-10-01 23:19:51 UTC</createdTime>
<generatorID>D6F451BF-8882-452F-28A2-57A64D893FE8</generatorID>
<ownerDesignName>2intento</ownerDesignName>
<nullsAllowed>true</nullsAllowed>
<useDomainConstraints>false</useDomainConstraints>
<use>1</use>
<logicalDatatype>LOGDT006</logicalDatatype>
<dataTypeSize>1</dataTypeSize>
<ownDataTypeParameters>1,,</ownDataTypeParameters>
<autoIncrementCycle>false</autoIncrementCycle>
</Column>
<Column name="Reservas_id_reserva" id="506B02A2-D26F-AAFF-D4C0-E580A41721DA">
<createdBy>Gabriela</createdBy>
<createdTime>2023-10-01 23:19:51 UTC</createdTime>
<generatorID>AFE3A8B4-C6FC-9DA4-2941-063178203197</generatorID>
<ownerDesignName>2intento</ownerDesignName>
<nullsAllowed>true</nullsAllowed>
<useDomainConstraints>false</useDomainConstraints>
<use>1</use>
<logicalDatatype>LOGDT011</logicalDatatype>
<ownDataTypeParameters>,,</ownDataTypeParameters>
<previousColumn>false</previousColumn>
<autoIncrementCycle>false</autoIncrementCycle>
<associations>
<colAssociation fkAssociation="A3D68D2C-407B-C85F-93FF-B7CEEFF4C951" referredColumn="A5560328-EBA1-4634-E54F-B9348C80A104"/>
</associations>
</Column>
<Column name="Consumos_IdConsumo" id="77D75064-3C26-403B-AD48-D209F66A4105">
<createdBy>Gabriela</createdBy>
<createdTime>2023-10-01 23:19:51 UTC</createdTime>
<generatorID>2620F3A7-0810-E875-8DC6-1609D318DF73</generatorID>
<ownerDesignName>2intento</ownerDesignName>
<nullsAllowed>true</nullsAllowed>
<useDomainConstraints>false</useDomainConstraints>
<use>1</use>
<logicalDatatype>LOGDT011</logicalDatatype>
<ownDataTypeParameters>,,</ownDataTypeParameters>
<previousColumn>false</previousColumn>
<autoIncrementCycle>false</autoIncrementCycle>
<associations>
<colAssociation fkAssociation="1A0C3516-270F-CCBE-0C54-82227CBC9AC0" referredColumn="AA1C454A-785E-8236-0EB1-92D4095B2DEB"/>
</associations>
</Column>
</columns>
<indexes itemClass="oracle.dbtools.crest.model.design.relational.Index">
<ind_PK_UK id="C146DC28-0AC5-B4CC-8DC6-0A380A4E440C" name="PlanesConsumo_PK">
<createdBy>Gabriela</createdBy>
<createdTime>2023-10-01 23:19:51 UTC</createdTime>
<generatorID>A13C0414-4545-C390-B12B-4FB7B544AFC1</generatorID>
<ownerDesignName>2intento</ownerDesignName>
<pk>true</pk>
<indexState>Primary Constraint</indexState>
<isSurrogateKey>false</isSurrogateKey>
<indexColumnUsage>
<colUsage columnID="A78A1C56-0FDF-237A-E37E-5CFD7DEF4F5E"/>
</indexColumnUsage>
</ind_PK_UK>
<ind_PK_UK id="49DF2674-00DB-4F61-0CA2-4604E5D95EE1" name="PlanesConsumo__IDX">
<createdBy>Gabriela</createdBy>
<createdTime>2023-10-01 23:19:52 UTC</createdTime>
<ownerDesignName>2intento</ownerDesignName>
<indexState>Unique Plain Index</indexState>
<isSurrogateKey>false</isSurrogateKey>
<relationGeneratorID>35ABACD8-690E-5EA1-087A-82E80CFA73ED</relationGeneratorID>
<indexColumnUsage>
<colUsage columnID="506B02A2-D26F-AAFF-D4C0-E580A41721DA"/>
</indexColumnUsage>
</ind_PK_UK>
<ind_PK_UK id="5F440699-2620-2FAA-AAD1-1F653EC1900E" name="PlanesConsumo__IDXv1">
<createdBy>Gabriela</createdBy>
<createdTime>2023-10-01 23:19:52 UTC</createdTime>
<ownerDesignName>2intento</ownerDesignName>
<indexState>Unique Plain Index</indexState>
<isSurrogateKey>false</isSurrogateKey>
<relationGeneratorID>C8EBE645-517B-B0AD-C3F5-B0C9FC20A124</relationGeneratorID>
<indexColumnUsage>
<colUsage columnID="77D75064-3C26-403B-AD48-D209F66A4105"/>
</indexColumnUsage>
</ind_PK_UK>
<ind_PK_UK id="EDF69912-9263-D460-EBBB-5E71A4701DAF" name="PlanesConsumo_Reservas_FK">
<createdBy>Gabriela</createdBy>
<createdTime>2023-10-01 23:19:52 UTC</createdTime>
<generatorID>35ABACD8-690E-5EA1-087A-82E80CFA73ED</generatorID>
<ownerDesignName>2intento</ownerDesignName>
<indexState>Foreign Key</indexState>
<isSurrogateKey>false</isSurrogateKey>
<indexColumnUsage>
<colUsage columnID="506B02A2-D26F-AAFF-D4C0-E580A41721DA"/>
</indexColumnUsage>
</ind_PK_UK>
<ind_PK_UK id="F7A885F0-F7CF-80A9-85BF-409043F3E6D1" name="PlanesConsumo_Consumos_FK">
<createdBy>Gabriela</createdBy>
<createdTime>2023-10-01 23:19:52 UTC</createdTime>
<generatorID>C8EBE645-517B-B0AD-C3F5-B0C9FC20A124</generatorID>
<ownerDesignName>2intento</ownerDesignName>
<indexState>Foreign Key</indexState>
<isSurrogateKey>false</isSurrogateKey>
<indexColumnUsage>
<colUsage columnID="77D75064-3C26-403B-AD48-D209F66A4105"/>
</indexColumnUsage>
</ind_PK_UK>
</indexes>
</Table>