<?xml version = '1.0' encoding = 'UTF-8'?>
<Diagram class="oracle.dbtools.crest.swingui.logical.DPVLogical" name="Logical" id="A92D7D09-0AAC-9377-32A8-DECF6F13C224">
<createdBy>Gabriela</createdBy>
<modifiedBy>Gabriela</modifiedBy>
<createdTime>2023-10-01 23:13:13 UTC</createdTime>
<autoRoute>false</autoRoute>
<boxInbox>true</boxInbox>
<showLegend>false</showLegend>
<showLabels>true</showLabels>
<showRelAttributes>false</showRelAttributes>
<gridEnabled>false</gridEnabled>
<showGrid>false</showGrid>
<diagramColor>-1</diagramColor>
<display>false</display>
<notation>1</notation>
<objectViews>
<OView class="oracle.dbtools.crest.swingui.logical.TVEntity" oid="04E5083B-4941-41C1-37C5-968BE0B6F971" otype="Entity" vid="5525D887-5F0D-06EE-1338-45713433B556">
<hideElementsInCurrentOnly>false</hideElementsInCurrentOnly>
<bounds x="595" y="205" width="170" height="114"/>
</OView>
<OView class="oracle.dbtools.crest.swingui.logical.TVEntity" oid="0AA80442-B24F-B35F-E54F-EE3BCB402A48" otype="Entity" vid="46B9C1DB-A35E-BE73-9CB8-05230F3C30BE">
<hideElementsInCurrentOnly>false</hideElementsInCurrentOnly>
<bounds x="1036" y="271" width="143" height="102"/>
</OView>
<OView class="oracle.dbtools.crest.swingui.logical.TVEntity" oid="155D3FE2-BAB4-5110-3D0B-72765A12E04F" otype="Entity" vid="9F5DB990-DCD5-C887-DAC9-C6DEEDEF7E72">
<hideElementsInCurrentOnly>false</hideElementsInCurrentOnly>
<bounds x="225" y="216" width="170" height="137"/>
</OView>
<OView class="oracle.dbtools.crest.swingui.logical.TVEntity" oid="1886F603-253B-DC4E-892A-3120AB17C42D" otype="Entity" vid="393D3F14-EAB4-3A41-7C63-E8270BC1EC45">
<hideElementsInCurrentOnly>false</hideElementsInCurrentOnly>
<bounds x="1019" y="34" width="165" height="108"/>
</OView>
<OView class="oracle.dbtools.crest.swingui.logical.TVEntity" oid="1EC8D9F5-5C1C-A944-B23F-B58302B05C3A" otype="Entity" vid="8633208F-449E-AF40-3CE7-F6E838386976">
<hideElementsInCurrentOnly>false</hideElementsInCurrentOnly>
<bounds x="1200" y="132" width="102" height="87"/>
</OView>
<OView class="oracle.dbtools.crest.swingui.logical.TVEntity" oid="256FEFE3-3F49-2506-63FC-74DB56633C31" otype="Entity" vid="11A9FE26-4D4B-73CE-EFDF-A29E8C5638CA">
<hideElementsInCurrentOnly>false</hideElementsInCurrentOnly>
<bounds x="922" y="417" width="119" height="134"/>
</OView>
<OView class="oracle.dbtools.crest.swingui.logical.TVEntity" oid="26B55D13-ACEC-8D80-6441-6ED156A3DCFA" otype="Entity" vid="2DF2E914-720A-6289-4E89-4354AAE76B49">
<hideElementsInCurrentOnly>false</hideElementsInCurrentOnly>
<bounds x="312" y="26" width="170" height="110"/>
</OView>
<OView class="oracle.dbtools.crest.swingui.logical.TVEntity" oid="35E91187-D479-8ED2-4AEF-58EE49892C26" otype="Entity" vid="7BC9F5A3-A938-7093-4F8E-5C0171D07942">
<hideElementsInCurrentOnly>false</hideElementsInCurrentOnly>
<bounds x="76" y="49" width="191" height="115"/>
</OView>
<OView class="oracle.dbtools.crest.swingui.logical.TVEntity" oid="372C55E6-9B1B-C7D1-8269-8E12BC5DFD8B" otype="Entity" vid="E3741C19-6ECD-3352-E55D-DBA263E986E1">
<hideElementsInCurrentOnly>false</hideElementsInCurrentOnly>
<bounds x="1294" y="305" width="124" height="75"/>
</OView>
<OView class="oracle.dbtools.crest.swingui.logical.TVEntity" oid="379741CC-824C-8E34-209C-30BA9708C2F8" otype="Entity" vid="D28BB988-143B-BB35-3D8D-862C25976503">
<hideElementsInCurrentOnly>false</hideElementsInCurrentOnly>
<bounds x="182" y="539" width="126" height="73"/>
</OView>
<OView class="oracle.dbtools.crest.swingui.logical.TVEntity" oid="40FCC7E1-B1F6-246F-E005-C511987CDBF9" otype="Entity" vid="E5B40989-DEFA-C278-C902-52D00E71CE00">
<hideElementsInCurrentOnly>false</hideElementsInCurrentOnly>
<bounds x="650" y="407" width="144" height="89"/>
</OView>
<OView class="oracle.dbtools.crest.swingui.logical.TVEntity" oid="5E4D5BEE-112B-73BC-2323-F3A2ED2F6885" otype="Entity" vid="F20E5238-35BB-8A2D-9671-D03FFDF21CD9">
<hideElementsInCurrentOnly>false</hideElementsInCurrentOnly>
<bounds x="593" y="33" width="170" height="89"/>
</OView>
<OView class="oracle.dbtools.crest.swingui.logical.TVEntity" oid="6D92F5B3-2F66-DFF3-4ECD-D5E62CD00AB7" otype="Entity" vid="6A1DFE7A-BAC0-5113-8373-158038C038FF">
<hideElementsInCurrentOnly>false</hideElementsInCurrentOnly>
<bounds x="895" y="571" width="129" height="90"/>
</OView>
<OView class="oracle.dbtools.crest.swingui.logical.TVEntity" oid="7616024E-F4E6-3A05-15FC-9AFC526F72CB" otype="Entity" vid="7CFB7132-4F3E-A9AA-2C99-F134904B1CFB">
<hideElementsInCurrentOnly>false</hideElementsInCurrentOnly>
<bounds x="524" y="404" width="102" height="77"/>
</OView>
<OView class="oracle.dbtools.crest.swingui.logical.TVEntity" oid="8BE6F939-5569-C793-9B79-8CF31C26B06A" otype="Entity" vid="A1534CA6-F4E1-8CFB-B361-A62A2AC102E8">
<hideElementsInCurrentOnly>false</hideElementsInCurrentOnly>
<bounds x="812" y="434" width="80" height="48"/>
</OView>
<OView class="oracle.dbtools.crest.swingui.logical.TVEntity" oid="8C0641B8-06E8-4F89-78F7-59FDD255A69E" otype="Entity" vid="E0CDB83A-6C91-AE9B-EE51-386C97401C48">
<hideElementsInCurrentOnly>false</hideElementsInCurrentOnly>
<bounds x="828" y="25" width="170" height="112"/>
</OView>
<OView class="oracle.dbtools.crest.swingui.logical.TVEntity" oid="9778DEC9-2E89-5294-2953-C4B06D2BEB5D" otype="Entity" vid="EB9CD3B2-8A1F-5EEC-DD64-8B1A13F8DAB4">
<hideElementsInCurrentOnly>false</hideElementsInCurrentOnly>
<bounds x="394" y="546" width="129" height="84"/>
</OView>
<OView class="oracle.dbtools.crest.swingui.logical.TVEntity" oid="AFC4306D-0348-CEA6-1AFF-3BFF2FD40399" otype="Entity" vid="0B6155FD-B3C5-B1CA-CF9A-DE7E753E3A9B">
<hideElementsInCurrentOnly>false</hideElementsInCurrentOnly>
<bounds x="573" y="556" width="129" height="100"/>
</OView>
<OView class="oracle.dbtools.crest.swingui.logical.TVEntity" oid="B9590D75-3B20-452C-78DA-2829C6270F0D" otype="Entity" vid="6D4B0220-01FD-6D88-C800-78540D5DAB97">
<hideElementsInCurrentOnly>false</hideElementsInCurrentOnly>
<bounds x="1286" y="534" width="116" height="74"/>
</OView>
<OView class="oracle.dbtools.crest.swingui.logical.TVEntity" oid="C48F8C47-4B57-30E7-1596-3E58C9E08AA7" otype="Entity" vid="7BC72AD3-5D6E-ED3A-DF56-2572CF2B6DDB">
<hideElementsInCurrentOnly>false</hideElementsInCurrentOnly>
<bounds x="393" y="385" width="119" height="123"/>
</OView>
<OView class="oracle.dbtools.crest.swingui.logical.TVEntity" oid="E13A46A2-1C8D-E0CE-90DC-F515B7548044" otype="Entity" vid="347CE413-4F87-561F-B4ED-FCBC790AB998">
<hideElementsInCurrentOnly>false</hideElementsInCurrentOnly>
<bounds x="946" y="217" width="103" height="53"/>
</OView>
<OView class="oracle.dbtools.crest.swingui.logical.TVEntity" oid="E41B3AB2-D59A-8BFD-A0AF-D33E90B38C4B" otype="Entity" vid="DDC84B56-45EE-65E5-17A5-3EDC040BC9CC">
<hideElementsInCurrentOnly>false</hideElementsInCurrentOnly>
<bounds x="1302" y="443" width="115" height="70"/>
</OView>
<OView class="oracle.dbtools.crest.swingui.logical.TVEntity" oid="F2DF0CDB-8DFA-41D3-2A8C-F3A0D643864F" otype="Entity" vid="4B0F9067-CB21-99C2-D71B-FD45F4001390">
<hideElementsInCurrentOnly>false</hideElementsInCurrentOnly>
<bounds x="1242" y="23" width="170" height="110"/>
</OView>
<OView class="oracle.dbtools.crest.swingui.logical.TVEntity" oid="FC75CA20-0BA1-1793-9A38-FCEF70D85EC9" otype="Entity" vid="3AEB5433-BA8F-B309-CE0A-D6C37E0AD489">
<hideElementsInCurrentOnly>false</hideElementsInCurrentOnly>
<bounds x="125" y="391" width="178" height="90"/>
</OView>
</objectViews>
<connectors>
<Connector class="oracle.dbtools.crest.swingui.logical.TVRelation" oid="06693CDC-2D3C-715E-712C-1DAF9F720805" otype="Relation" vid_source="E3741C19-6ECD-3352-E55D-DBA263E986E1" vid_target="347CE413-4F87-561F-B4ED-FCBC790AB998">
<hideElementsInCurrentOnly>false</hideElementsInCurrentOnly>
<backgroundColor>-16777216</backgroundColor>
<lineWidth>1</lineWidth>
<points>
<point x="1294" y="325"/>
<point x="1049" y="257"/>
</points>
</Connector>
<Connector class="oracle.dbtools.crest.swingui.logical.TVRelation" oid="09385FBC-4C75-FAA6-26EB-578E71D8526D" otype="Relation" vid_source="5525D887-5F0D-06EE-1338-45713433B556" vid_target="A1534CA6-F4E1-8CFB-B361-A62A2AC102E8">
<hideElementsInCurrentOnly>false</hideElementsInCurrentOnly>
<backgroundColor>-16777216</backgroundColor>
<lineWidth>1</lineWidth>
<points>
<point x="730" y="319"/>
<point x="830" y="434"/>
</points>
</Connector>
<Connector class="oracle.dbtools.crest.swingui.logical.TVRelation" oid="287F3203-DDF0-6E47-7959-766E1A07F837" otype="Relation" vid_source="393D3F14-EAB4-3A41-7C63-E8270BC1EC45" vid_target="4B0F9067-CB21-99C2-D71B-FD45F4001390">
<hideElementsInCurrentOnly>false</hideElementsInCurrentOnly>
<backgroundColor>-16777216</backgroundColor>
<lineWidth>1</lineWidth>
<points>
<point x="1184" y="83"/>
<point x="1242" y="83"/>
</points>
</Connector>
<Connector class="oracle.dbtools.crest.swingui.logical.TVRelation" oid="33EAC3AB-E512-A02E-5B66-E573B7B736FC" otype="Relation" vid_source="46B9C1DB-A35E-BE73-9CB8-05230F3C30BE" vid_target="DDC84B56-45EE-65E5-17A5-3EDC040BC9CC">
<hideElementsInCurrentOnly>false</hideElementsInCurrentOnly>
<backgroundColor>-16777216</backgroundColor>
<lineWidth>1</lineWidth>
<points>
<point x="1179" y="366"/>
<point x="1302" y="443"/>
</points>
</Connector>
<Connector class="oracle.dbtools.crest.swingui.logical.TVRelation" oid="35ABACD8-690E-5EA1-087A-82E80CFA73ED" otype="Relation" vid_source="2DF2E914-720A-6289-4E89-4354AAE76B49" vid_target="9F5DB990-DCD5-C887-DAC9-C6DEEDEF7E72">
<hideElementsInCurrentOnly>false</hideElementsInCurrentOnly>
<backgroundColor>-16777216</backgroundColor>
<lineWidth>1</lineWidth>
<points>
<point x="353" y="136"/>
<point x="353" y="216"/>
</points>
</Connector>
<Connector class="oracle.dbtools.crest.swingui.logical.TVRelation" oid="3FD15070-BC9E-7251-F6CB-DF39848A3420" otype="Relation" vid_source="6A1DFE7A-BAC0-5113-8373-158038C038FF" vid_target="6D4B0220-01FD-6D88-C800-78540D5DAB97">
<hideElementsInCurrentOnly>false</hideElementsInCurrentOnly>
<backgroundColor>-16777216</backgroundColor>
<lineWidth>1</lineWidth>
<points>
<point x="1024" y="589"/>
<point x="1286" y="589"/>
</points>
</Connector>
<Connector class="oracle.dbtools.crest.swingui.logical.TVRelation" oid="4E4C411B-5E3A-D02B-A27A-071858A7F6C0" otype="Relation" vid_source="347CE413-4F87-561F-B4ED-FCBC790AB998" vid_target="5525D887-5F0D-06EE-1338-45713433B556">
<hideElementsInCurrentOnly>false</hideElementsInCurrentOnly>
<backgroundColor>-16777216</backgroundColor>
<lineWidth>1</lineWidth>
<points>
<point x="946" y="243"/>
<point x="765" y="243"/>
</points>
</Connector>
<Connector class="oracle.dbtools.crest.swingui.logical.TVRelation" oid="66D30939-9943-CF4C-9FBA-941CE6C697D1" otype="Relation" vid_source="E0CDB83A-6C91-AE9B-EE51-386C97401C48" vid_target="F20E5238-35BB-8A2D-9671-D03FFDF21CD9">
<hideElementsInCurrentOnly>false</hideElementsInCurrentOnly>
<backgroundColor>-16777216</backgroundColor>
<lineWidth>1</lineWidth>
<points>
<point x="828" y="77"/>
<point x="763" y="77"/>
</points>
</Connector>
<Connector class="oracle.dbtools.crest.swingui.logical.TVRelation" oid="6924E7B4-356A-835B-92F7-0EF4CCBF4BA7" otype="Relation" vid_source="5525D887-5F0D-06EE-1338-45713433B556" vid_target="6D4B0220-01FD-6D88-C800-78540D5DAB97">
<hideElementsInCurrentOnly>false</hideElementsInCurrentOnly>
<backgroundColor>-16777216</backgroundColor>
<lineWidth>1</lineWidth>
<points>
<point x="765" y="301"/>
<point x="1286" y="544"/>
</points>
</Connector>
<Connector class="oracle.dbtools.crest.swingui.logical.TVRelation" oid="A438B014-B888-2501-B0DE-EF9C98B72FA5" otype="Relation" vid_source="5525D887-5F0D-06EE-1338-45713433B556" vid_target="3AEB5433-BA8F-B309-CE0A-D6C37E0AD489">
<hideElementsInCurrentOnly>false</hideElementsInCurrentOnly>
<backgroundColor>-16777216</backgroundColor>
<lineWidth>1</lineWidth>
<points>
<point x="595" y="293"/>
<point x="303" y="402"/>
</points>
</Connector>
<Connector class="oracle.dbtools.crest.swingui.logical.TVRelation" oid="C846EE08-6810-7898-523E-A4BB471810ED" otype="Relation" vid_source="8633208F-449E-AF40-3CE7-F6E838386976" vid_target="347CE413-4F87-561F-B4ED-FCBC790AB998">
<hideElementsInCurrentOnly>false</hideElementsInCurrentOnly>
<backgroundColor>-16777216</backgroundColor>
<lineWidth>1</lineWidth>
<points>
<point x="1200" y="218"/>
<point x="1049" y="218"/>
</points>
</Connector>
<Connector class="oracle.dbtools.crest.swingui.logical.TVRelation" oid="C885B6C1-984A-80E7-9AED-071E94462E5D" otype="Relation" vid_source="2DF2E914-720A-6289-4E89-4354AAE76B49" vid_target="F20E5238-35BB-8A2D-9671-D03FFDF21CD9">
<hideElementsInCurrentOnly>false</hideElementsInCurrentOnly>
<backgroundColor>-16777216</backgroundColor>
<lineWidth>1</lineWidth>
<sourceLabel class="oracle.dbtools.crest.model.design.Label">
<site>0</site>
<labelBounds x="406" y="86" width="76" height="30"/>
<noBackgroundColor>true</noBackgroundColor>
<noForegroundColor>true</noForegroundColor>
</sourceLabel>
<targetLabel class="oracle.dbtools.crest.model.design.Label">
<site>2</site>
<labelBounds x="554" y="86" width="79" height="30"/>
<noBackgroundColor>true</noBackgroundColor>
<noForegroundColor>true</noForegroundColor>
</targetLabel>
<points>
<point x="482" y="77"/>
<point x="593" y="77"/>
</points>
</Connector>
<Connector class="oracle.dbtools.crest.swingui.logical.TVRelation" oid="C8EBE645-517B-B0AD-C3F5-B0C9FC20A124" otype="Relation" vid_source="5525D887-5F0D-06EE-1338-45713433B556" vid_target="9F5DB990-DCD5-C887-DAC9-C6DEEDEF7E72">
<hideElementsInCurrentOnly>false</hideElementsInCurrentOnly>
<backgroundColor>-16777216</backgroundColor>
<lineWidth>1</lineWidth>
<points>
<point x="595" y="267"/>
<point x="395" y="267"/>
</points>
</Connector>
<Connector class="oracle.dbtools.crest.swingui.logical.TVRelation" oid="CAAA884F-36AA-0DCF-59B2-30F9C5FD1CD7" otype="Relation" vid_source="5525D887-5F0D-06EE-1338-45713433B556" vid_target="7CFB7132-4F3E-A9AA-2C99-F134904B1CFB">
<hideElementsInCurrentOnly>false</hideElementsInCurrentOnly>
<backgroundColor>-16777216</backgroundColor>
<lineWidth>1</lineWidth>
<points>
<point x="625" y="319"/>
<point x="625" y="404"/>
</points>
</Connector>
<Connector class="oracle.dbtools.crest.swingui.logical.TVRelation" oid="D19B0C15-1951-0DBF-1048-B2DAD72B0750" otype="Relation" vid_source="3AEB5433-BA8F-B309-CE0A-D6C37E0AD489" vid_target="D28BB988-143B-BB35-3D8D-862C25976503">
<hideElementsInCurrentOnly>false</hideElementsInCurrentOnly>
<backgroundColor>-16777216</backgroundColor>
<lineWidth>1</lineWidth>
<points>
<point x="242" y="481"/>
<point x="242" y="539"/>
</points>
</Connector>
<Connector class="oracle.dbtools.crest.swingui.logical.TVRelation" oid="D2A73444-3C9E-1432-7B64-21DB371DC643" otype="Relation" vid_source="11A9FE26-4D4B-73CE-EFDF-A29E8C5638CA" vid_target="0B6155FD-B3C5-B1CA-CF9A-DE7E753E3A9B">
<hideElementsInCurrentOnly>false</hideElementsInCurrentOnly>
<backgroundColor>-16777216</backgroundColor>
<lineWidth>1</lineWidth>
<points>
<point x="922" y="505"/>
<point x="702" y="576"/>
</points>
</Connector>
<Connector class="oracle.dbtools.crest.swingui.logical.TVRelation" oid="DBD24726-D8E1-72C3-A3F5-3E1CBB89ED1B" otype="Relation" vid_source="46B9C1DB-A35E-BE73-9CB8-05230F3C30BE" vid_target="6D4B0220-01FD-6D88-C800-78540D5DAB97">
<hideElementsInCurrentOnly>false</hideElementsInCurrentOnly>
<backgroundColor>-16777216</backgroundColor>
<lineWidth>1</lineWidth>
<points>
<point x="1155" y="373"/>
<point x="1308" y="534"/>
</points>
</Connector>
<Connector class="oracle.dbtools.crest.swingui.logical.TVRelation" oid="DC87337C-BDAF-1C5A-3F90-71AEDB27B7DB" otype="Relation" vid_source="5525D887-5F0D-06EE-1338-45713433B556" vid_target="7BC72AD3-5D6E-ED3A-DF56-2572CF2B6DDB">
<hideElementsInCurrentOnly>false</hideElementsInCurrentOnly>
<backgroundColor>-16777216</backgroundColor>
<lineWidth>1</lineWidth>
<points>
<point x="609" y="319"/>
<point x="512" y="398"/>
</points>
</Connector>
<Connector class="oracle.dbtools.crest.swingui.logical.TVRelation" oid="DF03467B-72BE-0358-257E-A0814B55188D" otype="Relation" vid_source="7BC9F5A3-A938-7093-4F8E-5C0171D07942" vid_target="2DF2E914-720A-6289-4E89-4354AAE76B49">
<hideElementsInCurrentOnly>false</hideElementsInCurrentOnly>
<backgroundColor>-16777216</backgroundColor>
<lineWidth>1</lineWidth>
<points>
<point x="267" y="92"/>
<point x="312" y="92"/>
</points>
</Connector>
<Connector class="oracle.dbtools.crest.swingui.logical.TVRelation" oid="DF142351-E2E3-1C08-70AB-5EB53BB8E5FE" otype="Relation" vid_source="5525D887-5F0D-06EE-1338-45713433B556" vid_target="E5B40989-DEFA-C278-C902-52D00E71CE00">
<hideElementsInCurrentOnly>false</hideElementsInCurrentOnly>
<backgroundColor>-16777216</backgroundColor>
<lineWidth>1</lineWidth>
<points>
<point x="692" y="319"/>
<point x="692" y="407"/>
</points>
</Connector>
<Connector class="oracle.dbtools.crest.swingui.logical.TVRelation" oid="E9F7DA9A-AD83-FDC2-EC89-57188AF5BBB5" otype="Relation" vid_source="5525D887-5F0D-06EE-1338-45713433B556" vid_target="393D3F14-EAB4-3A41-7C63-E8270BC1EC45">
<hideElementsInCurrentOnly>false</hideElementsInCurrentOnly>
<backgroundColor>-16777216</backgroundColor>
<lineWidth>1</lineWidth>
<points>
<point x="765" y="226"/>
<point x="1019" y="122"/>
</points>
</Connector>
<Connector class="oracle.dbtools.crest.swingui.logical.TVRelation" oid="EB2D5412-5CCE-F1C6-05DE-089B0D44342B" otype="Relation" vid_source="7BC72AD3-5D6E-ED3A-DF56-2572CF2B6DDB" vid_target="EB9CD3B2-8A1F-5EEC-DD64-8B1A13F8DAB4">
<hideElementsInCurrentOnly>false</hideElementsInCurrentOnly>
<backgroundColor>-16777216</backgroundColor>
<lineWidth>1</lineWidth>
<points>
<point x="453" y="508"/>
<point x="453" y="546"/>
</points>
</Connector>
<Connector class="oracle.dbtools.crest.swingui.logical.TVRelation" oid="F3D8B420-1027-23CD-9BAB-F72E37F1AF3C" otype="Relation" vid_source="5525D887-5F0D-06EE-1338-45713433B556" vid_target="DDC84B56-45EE-65E5-17A5-3EDC040BC9CC">
<hideElementsInCurrentOnly>false</hideElementsInCurrentOnly>
<backgroundColor>-16777216</backgroundColor>
<lineWidth>1</lineWidth>
<points>
<point x="765" y="289"/>
<point x="1302" y="474"/>
</points>
</Connector>
<Connector class="oracle.dbtools.crest.swingui.logical.TVRelation" oid="FF50FB6E-4366-5863-3414-F0F14AE33E54" otype="Relation" vid_source="5525D887-5F0D-06EE-1338-45713433B556" vid_target="11A9FE26-4D4B-73CE-EFDF-A29E8C5638CA">
<hideElementsInCurrentOnly>false</hideElementsInCurrentOnly>
<backgroundColor>-16777216</backgroundColor>
<lineWidth>1</lineWidth>
<points>
<point x="757" y="319"/>
<point x="922" y="440"/>
</points>
</Connector>
</connectors>
</Diagram>