<?xml version = '1.0' encoding = 'UTF-8'?>
<Diagram class="oracle.dbtools.crest.swingui.relational.DPVRelational" name="Relational_1" id="1DE8835F-E6CC-55E9-DA7C-1EFD3977A0C7">
<createdBy>Gabriela</createdBy>
<modifiedBy>Gabriela</modifiedBy>
<createdTime>2023-10-01 23:19:42 UTC</createdTime>
<autoRoute>false</autoRoute>
<boxInbox>true</boxInbox>
<showLegend>false</showLegend>
<showLabels>false</showLabels>
<showRelAttributes>false</showRelAttributes>
<gridEnabled>false</gridEnabled>
<showGrid>false</showGrid>
<diagramColor>-1</diagramColor>
<display>false</display>
<notation>1</notation>
<objectViews>
<OView class="oracle.dbtools.crest.swingui.relational.TVTable" oid="021D09F0-5751-6B54-91A7-A05F01129DA3" otype="Table" vid="534C9D3F-A026-D695-FE81-6384D242261F">
<hideElementsInCurrentOnly>false</hideElementsInCurrentOnly>
<bounds x="1302" y="443" width="115" height="70"/>
</OView>
<OView class="oracle.dbtools.crest.swingui.relational.TVTable" oid="08B5117A-A759-39A8-16F5-1B0F475C0FC9" otype="Table" vid="B5AC4A34-BB1E-038E-C11F-CC28934D098C">
<hideElementsInCurrentOnly>false</hideElementsInCurrentOnly>
<bounds x="1294" y="305" width="124" height="75"/>
</OView>
<OView class="oracle.dbtools.crest.swingui.relational.TVTable" oid="09CE8697-823A-AFA0-7662-D4CE7067DF04" otype="Table" vid="7E88E719-0B67-DBB7-8FFB-67154DFC02CF">
<hideElementsInCurrentOnly>false</hideElementsInCurrentOnly>
<bounds x="182" y="539" width="126" height="73"/>
</OView>
<OView class="oracle.dbtools.crest.swingui.relational.TVTable" oid="0B578F3C-AF6A-4917-A037-551620BBDD40" otype="Table" vid="A4ADD662-C29B-5668-E7D9-DF78CC83BDD6">
<hideElementsInCurrentOnly>false</hideElementsInCurrentOnly>
<bounds x="828" y="25" width="170" height="112"/>
</OView>
<OView class="oracle.dbtools.crest.swingui.relational.TVTable" oid="0F023A15-B7D2-A6DA-856D-0392BEE12093" otype="Table" vid="060BFBCD-2D27-6638-CB96-6590B3B0E9FA">
<hideElementsInCurrentOnly>false</hideElementsInCurrentOnly>
<bounds x="593" y="33" width="170" height="89"/>
</OView>
<OView class="oracle.dbtools.crest.swingui.relational.TVTable" oid="1231E5D0-EBA4-B223-3E56-FF3004DA60CD" otype="Table" vid="216CF26E-71C6-E095-7CCE-AABAAAFB6DFB">
<hideElementsInCurrentOnly>false</hideElementsInCurrentOnly>
<bounds x="1286" y="534" width="116" height="74"/>
</OView>
<OView class="oracle.dbtools.crest.swingui.relational.TVTable" oid="20455BB9-BD02-6235-186D-AD54D0C2E976" otype="Table" vid="7B3A6A5E-7C3D-D9ED-81C8-00E8CAF9C548">
<hideElementsInCurrentOnly>false</hideElementsInCurrentOnly>
<bounds x="440" y="830" width="170" height="110"/>
</OView>
<OView class="oracle.dbtools.crest.swingui.relational.TVTable" oid="478A6A20-706A-7D2F-E279-0A944758D315" otype="Table" vid="90A4C0F8-0D50-F96D-9468-9DE8633A418B">
<hideElementsInCurrentOnly>false</hideElementsInCurrentOnly>
<bounds x="162" y="651" width="170" height="110"/>
</OView>
<OView class="oracle.dbtools.crest.swingui.relational.TVTable" oid="4972CD2D-BC82-EA12-631B-BF4F398F4870" otype="Table" vid="0E594AB1-841F-679F-8F94-DFB47267686A">
<hideElementsInCurrentOnly>false</hideElementsInCurrentOnly>
<bounds x="393" y="385" width="119" height="123"/>
</OView>
<OView class="oracle.dbtools.crest.swingui.relational.TVTable" oid="4E1E5B83-5C08-67E0-D237-8C6D3DF3713C" otype="Table" vid="D80C5831-51D7-88C4-2C05-048B3F7D1C22">
<hideElementsInCurrentOnly>false</hideElementsInCurrentOnly>
<bounds x="1019" y="34" width="165" height="108"/>
</OView>
<OView class="oracle.dbtools.crest.swingui.relational.TVTable" oid="68F87C5B-F9B2-E63C-067C-AEB5456CECD9" otype="Table" vid="3E9EB8F0-3B58-E842-61F1-BF3A574F0C0E">
<hideElementsInCurrentOnly>false</hideElementsInCurrentOnly>
<bounds x="812" y="434" width="80" height="48"/>
</OView>
<OView class="oracle.dbtools.crest.swingui.relational.TVTable" oid="7096E7E9-F022-A35C-1FE0-42DCA024A56A" otype="Table" vid="1D768C0C-E72B-866E-92FE-53826EB936EE">
<hideElementsInCurrentOnly>false</hideElementsInCurrentOnly>
<bounds x="560" y="1070" width="170" height="110"/>
</OView>
<OView class="oracle.dbtools.crest.swingui.relational.TVTable" oid="7A942F72-EAB5-4BB8-0357-42069F71E7F5" otype="Table" vid="AA5E4900-25FF-8F1B-59E0-D5D1F938B6F9">
<hideElementsInCurrentOnly>false</hideElementsInCurrentOnly>
<bounds x="1200" y="132" width="102" height="87"/>
</OView>
<OView class="oracle.dbtools.crest.swingui.relational.TVTable" oid="861A3ADC-F577-C3E7-3567-B7AA766695D4" otype="Table" vid="70C1BAF2-15C8-0B63-077A-3FD9ABD35594">
<hideElementsInCurrentOnly>false</hideElementsInCurrentOnly>
<bounds x="895" y="571" width="129" height="90"/>
</OView>
<OView class="oracle.dbtools.crest.swingui.relational.TVTable" oid="8DF4BD20-0CF9-187B-E74F-899DDFE2B5B9" otype="Table" vid="694AD822-CC9C-02DF-AF4C-AC95CBFAC029">
<hideElementsInCurrentOnly>false</hideElementsInCurrentOnly>
<bounds x="76" y="49" width="191" height="115"/>
</OView>
<OView class="oracle.dbtools.crest.swingui.relational.TVTable" oid="8EE2486E-9FA0-E924-065C-3BF8AF982418" otype="Table" vid="A52FEC1B-7F61-D0D8-B89A-3180C4BFAF64">
<hideElementsInCurrentOnly>false</hideElementsInCurrentOnly>
<bounds x="624" y="740" width="170" height="110"/>
</OView>
<OView class="oracle.dbtools.crest.swingui.relational.TVTable" oid="98B24E20-0843-52A2-BB7C-C773D631CB44" otype="Table" vid="BA595F60-7915-C4B8-9213-E4E48DFAA050">
<hideElementsInCurrentOnly>false</hideElementsInCurrentOnly>
<bounds x="650" y="407" width="144" height="89"/>
</OView>
<OView class="oracle.dbtools.crest.swingui.relational.TVTable" oid="9AF2AACD-1388-4512-CFF6-C8AC15D950D2" otype="Table" vid="E0A22637-D9A4-F144-7E71-384DB9CF4386">
<hideElementsInCurrentOnly>false</hideElementsInCurrentOnly>
<bounds x="1036" y="271" width="143" height="102"/>
</OView>
<OView class="oracle.dbtools.crest.swingui.relational.TVTable" oid="A2B84002-9518-5399-AD8D-43C6A243F683" otype="Table" vid="A636900B-587A-DCB3-5741-834BD82C68E4">
<hideElementsInCurrentOnly>false</hideElementsInCurrentOnly>
<bounds x="573" y="556" width="256" height="128"/>
</OView>
<OView class="oracle.dbtools.crest.swingui.relational.TVTable" oid="A3676A12-D8BF-20B9-5743-40838F8BC74F" otype="Table" vid="8045CD99-736A-AD6E-6DA0-74C2967FEF9C">
<hideElementsInCurrentOnly>false</hideElementsInCurrentOnly>
<bounds x="595" y="205" width="170" height="114"/>
</OView>
<OView class="oracle.dbtools.crest.swingui.relational.TVTable" oid="AA9604DD-2605-8EED-6915-8CDE9490E4DC" otype="Table" vid="CEAF7D0A-8948-9CCA-35E9-6ED3FD3E93A1">
<hideElementsInCurrentOnly>false</hideElementsInCurrentOnly>
<bounds x="590" y="1130" width="170" height="110"/>
</OView>
<OView class="oracle.dbtools.crest.swingui.relational.TVTable" oid="B63D17E6-0692-C1E5-03ED-823F1ED13A4B" otype="Table" vid="1D4EB6C5-E296-2562-FCB9-8F948FC63D44">
<hideElementsInCurrentOnly>false</hideElementsInCurrentOnly>
<bounds x="394" y="546" width="173" height="134"/>
</OView>
<OView class="oracle.dbtools.crest.swingui.relational.TVTable" oid="C30D3B91-6A91-1E55-B49E-6CF8813D1242" otype="Table" vid="9FC7BE7C-881B-C51F-6A0E-1C6784BCE784">
<hideElementsInCurrentOnly>false</hideElementsInCurrentOnly>
<bounds x="312" y="26" width="170" height="110"/>
</OView>
<OView class="oracle.dbtools.crest.swingui.relational.TVTable" oid="C3C4A2E4-54CB-6164-7D3D-5D8DF694CB30" otype="Table" vid="2A7D4CA1-7ABE-5C2D-6219-E0AFA1305298">
<hideElementsInCurrentOnly>false</hideElementsInCurrentOnly>
<bounds x="410" y="770" width="170" height="110"/>
</OView>
<OView class="oracle.dbtools.crest.swingui.relational.TVTable" oid="CBB10A98-AB56-AF2D-C66F-57C93EE37717" otype="Table" vid="70F79D84-9FE7-5E25-0F9F-E3584DB4611C">
<hideElementsInCurrentOnly>false</hideElementsInCurrentOnly>
<bounds x="524" y="404" width="102" height="77"/>
</OView>
<OView class="oracle.dbtools.crest.swingui.relational.TVTable" oid="CCB4A3A2-1F70-F4E3-1B09-9A14A28A2DA0" otype="Table" vid="CD07E3E3-5503-1BBF-0CD2-156FBD12E109">
<hideElementsInCurrentOnly>false</hideElementsInCurrentOnly>
<bounds x="1242" y="23" width="170" height="110"/>
</OView>
<OView class="oracle.dbtools.crest.swingui.relational.TVTable" oid="D54176A4-59F9-27F3-4EE7-1BC46B2AD4DF" otype="Table" vid="CF6391FB-448A-46DD-9A05-E3E5C42E68CE">
<hideElementsInCurrentOnly>false</hideElementsInCurrentOnly>
<bounds x="125" y="391" width="178" height="90"/>
</OView>
<OView class="oracle.dbtools.crest.swingui.relational.TVTable" oid="EC3DAD03-895F-83D1-AA5D-314F5EC96406" otype="Table" vid="E8746B93-6FFF-3BBE-D35B-51A36ADB9D78">
<hideElementsInCurrentOnly>false</hideElementsInCurrentOnly>
<bounds x="922" y="417" width="119" height="134"/>
</OView>
<OView class="oracle.dbtools.crest.swingui.relational.TVTable" oid="F528A234-3D23-1241-07C3-83168627ED4E" otype="Table" vid="042C78A7-F344-425E-B87A-4459AF7C6F7F">
<hideElementsInCurrentOnly>false</hideElementsInCurrentOnly>
<bounds x="946" y="217" width="103" height="53"/>
</OView>
<OView class="oracle.dbtools.crest.swingui.relational.TVTable" oid="FF5BA984-FFB3-30BC-5291-30E7BE3C54C5" otype="Table" vid="E7209EAD-EFD6-F855-4D15-4F3D4BF802C8">
<hideElementsInCurrentOnly>false</hideElementsInCurrentOnly>
<bounds x="225" y="216" width="170" height="137"/>
</OView>
</objectViews>
<connectors>
<Connector class="oracle.dbtools.crest.swingui.relational.TVFKRelation" oid="01231983-149A-FD15-A502-BBCE5C1CAC6C" otype="FKIndexAssociation" vid_source="AA5E4900-25FF-8F1B-59E0-D5D1F938B6F9" vid_target="042C78A7-F344-425E-B87A-4459AF7C6F7F">
<hideElementsInCurrentOnly>false</hideElementsInCurrentOnly>
<backgroundColor>-16777216</backgroundColor>
<lineWidth>1</lineWidth>
<points>
<point x="1200" y="218"/>
<point x="1049" y="218"/>
</points>
</Connector>
<Connector class="oracle.dbtools.crest.swingui.relational.TVFKRelation" oid="068832D9-AF06-BDD0-CD13-36E934E5CF3C" otype="FKIndexAssociation" vid_source="8045CD99-736A-AD6E-6DA0-74C2967FEF9C" vid_target="D80C5831-51D7-88C4-2C05-048B3F7D1C22">
<hideElementsInCurrentOnly>false</hideElementsInCurrentOnly>
<backgroundColor>-16777216</backgroundColor>
<lineWidth>1</lineWidth>
<points>
<point x="765" y="226"/>
<point x="1019" y="122"/>
</points>
</Connector>
<Connector class="oracle.dbtools.crest.swingui.relational.TVFKRelation" oid="0710E252-5FE0-6CEF-B880-5CAD1FEB35B3" otype="FKIndexAssociation" vid_source="694AD822-CC9C-02DF-AF4C-AC95CBFAC029" vid_target="9FC7BE7C-881B-C51F-6A0E-1C6784BCE784">
<hideElementsInCurrentOnly>false</hideElementsInCurrentOnly>
<backgroundColor>-16777216</backgroundColor>
<lineWidth>1</lineWidth>
<points>
<point x="267" y="92"/>
<point x="312" y="92"/>
</points>
</Connector>
<Connector class="oracle.dbtools.crest.swingui.relational.TVFKRelation" oid="16CF9E41-0CA4-1382-2E79-EC7027945B63" otype="FKIndexAssociation" vid_source="534C9D3F-A026-D695-FE81-6384D242261F" vid_target="CEAF7D0A-8948-9CCA-35E9-6ED3FD3E93A1">
<hideElementsInCurrentOnly>false</hideElementsInCurrentOnly>
<backgroundColor>-16777216</backgroundColor>
<lineWidth>1</lineWidth>
<points>
<point x="1325" y="513"/>
<point x="728" y="1130"/>
</points>
</Connector>
<Connector class="oracle.dbtools.crest.swingui.relational.TVFKRelation" oid="1A0C3516-270F-CCBE-0C54-82227CBC9AC0" otype="FKIndexAssociation" vid_source="8045CD99-736A-AD6E-6DA0-74C2967FEF9C" vid_target="E7209EAD-EFD6-F855-4D15-4F3D4BF802C8">
<hideElementsInCurrentOnly>false</hideElementsInCurrentOnly>
<backgroundColor>-16777216</backgroundColor>
<lineWidth>1</lineWidth>
<points>
<point x="595" y="267"/>
<point x="395" y="267"/>
</points>
</Connector>
<Connector class="oracle.dbtools.crest.swingui.relational.TVFKRelation" oid="1F96795D-BDCE-0B2E-95D2-BA5860D36465" otype="FKIndexAssociation" vid_source="216CF26E-71C6-E095-7CCE-AABAAAFB6DFB" vid_target="A52FEC1B-7F61-D0D8-B89A-3180C4BFAF64">
<hideElementsInCurrentOnly>false</hideElementsInCurrentOnly>
<backgroundColor>-16777216</backgroundColor>
<lineWidth>1</lineWidth>
<points>
<point x="1286" y="591"/>
<point x="794" y="765"/>
</points>
</Connector>
<Connector class="oracle.dbtools.crest.swingui.relational.TVFKRelation" oid="296B0026-1384-D778-BF27-CD81BC93A0D1" otype="FKIndexAssociation" vid_source="E7209EAD-EFD6-F855-4D15-4F3D4BF802C8" vid_target="9FC7BE7C-881B-C51F-6A0E-1C6784BCE784">
<hideElementsInCurrentOnly>false</hideElementsInCurrentOnly>
<backgroundColor>-16777216</backgroundColor>
<lineWidth>1</lineWidth>
<points>
<point x="353" y="216"/>
<point x="353" y="136"/>
</points>
</Connector>
<Connector class="oracle.dbtools.crest.swingui.relational.TVFKRelation" oid="2E15FB09-DF2B-79ED-8118-0B77AB66219D" otype="FKIndexAssociation" vid_source="8045CD99-736A-AD6E-6DA0-74C2967FEF9C" vid_target="A52FEC1B-7F61-D0D8-B89A-3180C4BFAF64">
<hideElementsInCurrentOnly>false</hideElementsInCurrentOnly>
<backgroundColor>-16777216</backgroundColor>
<lineWidth>1</lineWidth>
<points>
<point x="679" y="319"/>
<point x="679" y="740"/>
</points>
</Connector>
<Connector class="oracle.dbtools.crest.swingui.relational.TVFKRelation" oid="38DA3176-7059-D927-6074-C8BA386C9143" otype="FKIndexAssociation" vid_source="E8746B93-6FFF-3BBE-D35B-51A36ADB9D78" vid_target="A636900B-587A-DCB3-5741-834BD82C68E4">
<hideElementsInCurrentOnly>false</hideElementsInCurrentOnly>
<backgroundColor>-16777216</backgroundColor>
<lineWidth>1</lineWidth>
<points>
<point x="922" y="512"/>
<point x="829" y="557"/>
</points>
</Connector>
<Connector class="oracle.dbtools.crest.swingui.relational.TVFKRelation" oid="4191AF3E-A102-2E20-5100-8B1DDBC92E5B" otype="FKIndexAssociation" vid_source="D80C5831-51D7-88C4-2C05-048B3F7D1C22" vid_target="CD07E3E3-5503-1BBF-0CD2-156FBD12E109">
<hideElementsInCurrentOnly>false</hideElementsInCurrentOnly>
<backgroundColor>-16777216</backgroundColor>
<lineWidth>1</lineWidth>
<points>
<point x="1184" y="83"/>
<point x="1242" y="83"/>
</points>
</Connector>
<Connector class="oracle.dbtools.crest.swingui.relational.TVFKRelation" oid="46DF2CE4-8201-9AA7-929A-1F80A8FDC8FB" otype="FKIndexAssociation" vid_source="534C9D3F-A026-D695-FE81-6384D242261F" vid_target="2A7D4CA1-7ABE-5C2D-6219-E0AFA1305298">
<hideElementsInCurrentOnly>false</hideElementsInCurrentOnly>
<backgroundColor>-16777216</backgroundColor>
<lineWidth>1</lineWidth>
<points>
<point x="1302" y="501"/>
<point x="580" y="790"/>
</points>
</Connector>
<Connector class="oracle.dbtools.crest.swingui.relational.TVFKRelation" oid="6057AC00-504C-8DE8-BE5F-DC916F9C8805" otype="FKIndexAssociation" vid_source="CF6391FB-448A-46DD-9A05-E3E5C42E68CE" vid_target="7E88E719-0B67-DBB7-8FFB-67154DFC02CF">
<hideElementsInCurrentOnly>false</hideElementsInCurrentOnly>
<backgroundColor>-16777216</backgroundColor>
<lineWidth>1</lineWidth>
<points>
<point x="242" y="481"/>
<point x="242" y="539"/>
</points>
</Connector>
<Connector class="oracle.dbtools.crest.swingui.relational.TVFKRelation" oid="62A29048-AB49-4FE7-BF29-294EFD9CDCBA" otype="FKIndexAssociation" vid_source="8045CD99-736A-AD6E-6DA0-74C2967FEF9C" vid_target="0E594AB1-841F-679F-8F94-DFB47267686A">
<hideElementsInCurrentOnly>false</hideElementsInCurrentOnly>
<backgroundColor>-16777216</backgroundColor>
<lineWidth>1</lineWidth>
<points>
<point x="609" y="319"/>
<point x="506" y="385"/>
</points>
</Connector>
<Connector class="oracle.dbtools.crest.swingui.relational.TVFKRelation" oid="6B810BF6-FB5B-8865-DB8A-82CAB40E429A" otype="FKIndexAssociation" vid_source="8045CD99-736A-AD6E-6DA0-74C2967FEF9C" vid_target="3E9EB8F0-3B58-E842-61F1-BF3A574F0C0E">
<hideElementsInCurrentOnly>false</hideElementsInCurrentOnly>
<backgroundColor>-16777216</backgroundColor>
<lineWidth>1</lineWidth>
<points>
<point x="730" y="319"/>
<point x="830" y="434"/>
</points>
</Connector>
<Connector class="oracle.dbtools.crest.swingui.relational.TVFKRelation" oid="7ACC474F-7F6D-E3E3-FCF3-F2758F207C1E" otype="FKIndexAssociation" vid_source="A4ADD662-C29B-5668-E7D9-DF78CC83BDD6" vid_target="060BFBCD-2D27-6638-CB96-6590B3B0E9FA">
<hideElementsInCurrentOnly>false</hideElementsInCurrentOnly>
<backgroundColor>-16777216</backgroundColor>
<lineWidth>1</lineWidth>
<points>
<point x="828" y="77"/>
<point x="763" y="77"/>
</points>
</Connector>
<Connector class="oracle.dbtools.crest.swingui.relational.TVFKRelation" oid="83C841B6-90C4-5E86-4D0A-0F709A91F9F0" otype="FKIndexAssociation" vid_source="8045CD99-736A-AD6E-6DA0-74C2967FEF9C" vid_target="CF6391FB-448A-46DD-9A05-E3E5C42E68CE">
<hideElementsInCurrentOnly>false</hideElementsInCurrentOnly>
<backgroundColor>-16777216</backgroundColor>
<lineWidth>1</lineWidth>
<points>
<point x="595" y="293"/>
<point x="303" y="402"/>
</points>
</Connector>
<Connector class="oracle.dbtools.crest.swingui.relational.TVFKRelation" oid="8A8F1B3C-D5DC-5BAE-3B58-B618A74ADB7E" otype="FKIndexAssociation" vid_source="8045CD99-736A-AD6E-6DA0-74C2967FEF9C" vid_target="BA595F60-7915-C4B8-9213-E4E48DFAA050">
<hideElementsInCurrentOnly>false</hideElementsInCurrentOnly>
<backgroundColor>-16777216</backgroundColor>
<lineWidth>1</lineWidth>
<points>
<point x="692" y="319"/>
<point x="692" y="407"/>
</points>
</Connector>
<Connector class="oracle.dbtools.crest.swingui.relational.TVFKRelation" oid="93164081-7D10-6B16-1184-437A02FE3D02" otype="FKIndexAssociation" vid_source="E7209EAD-EFD6-F855-4D15-4F3D4BF802C8" vid_target="8045CD99-736A-AD6E-6DA0-74C2967FEF9C">
<hideElementsInCurrentOnly>false</hideElementsInCurrentOnly>
<backgroundColor>-16777216</backgroundColor>
<lineWidth>1</lineWidth>
<points>
<point x="395" y="267"/>
<point x="595" y="267"/>
</points>
</Connector>
<Connector class="oracle.dbtools.crest.swingui.relational.TVFKRelation" oid="93F847BB-4BA9-581A-FDA3-51CCA6E38ABF" otype="FKIndexAssociation" vid_source="8045CD99-736A-AD6E-6DA0-74C2967FEF9C" vid_target="E8746B93-6FFF-3BBE-D35B-51A36ADB9D78">
<hideElementsInCurrentOnly>false</hideElementsInCurrentOnly>
<backgroundColor>-16777216</backgroundColor>
<lineWidth>1</lineWidth>
<points>
<point x="757" y="319"/>
<point x="922" y="440"/>
</points>
</Connector>
<Connector class="oracle.dbtools.crest.swingui.relational.TVFKRelation" oid="A0D536D2-6CB8-F611-E37A-FBB927DB29F5" otype="FKIndexAssociation" vid_source="8045CD99-736A-AD6E-6DA0-74C2967FEF9C" vid_target="2A7D4CA1-7ABE-5C2D-6219-E0AFA1305298">
<hideElementsInCurrentOnly>false</hideElementsInCurrentOnly>
<backgroundColor>-16777216</backgroundColor>
<lineWidth>1</lineWidth>
<points>
<point x="661" y="319"/>
<point x="513" y="770"/>
</points>
</Connector>
<Connector class="oracle.dbtools.crest.swingui.relational.TVFKRelation" oid="A3D68D2C-407B-C85F-93FF-B7CEEFF4C951" otype="FKIndexAssociation" vid_source="9FC7BE7C-881B-C51F-6A0E-1C6784BCE784" vid_target="E7209EAD-EFD6-F855-4D15-4F3D4BF802C8">
<hideElementsInCurrentOnly>false</hideElementsInCurrentOnly>
<backgroundColor>-16777216</backgroundColor>
<lineWidth>1</lineWidth>
<points>
<point x="353" y="136"/>
<point x="353" y="216"/>
</points>
</Connector>
<Connector class="oracle.dbtools.crest.swingui.relational.TVFKRelation" oid="A936A80D-14AB-1683-72FF-16CC8AD6C6C6" otype="FKIndexAssociation" vid_source="8045CD99-736A-AD6E-6DA0-74C2967FEF9C" vid_target="7B3A6A5E-7C3D-D9ED-81C8-00E8CAF9C548">
<hideElementsInCurrentOnly>false</hideElementsInCurrentOnly>
<backgroundColor>-16777216</backgroundColor>
<lineWidth>1</lineWidth>
<points>
<point x="602" y="319"/>
<point x="602" y="830"/>
</points>
</Connector>
<Connector class="oracle.dbtools.crest.swingui.relational.TVFKRelation" oid="B798B126-A24F-CEE0-E205-E1CBC3345C94" otype="FKIndexAssociation" vid_source="216CF26E-71C6-E095-7CCE-AABAAAFB6DFB" vid_target="90A4C0F8-0D50-F96D-9468-9DE8633A418B">
<hideElementsInCurrentOnly>false</hideElementsInCurrentOnly>
<backgroundColor>-16777216</backgroundColor>
<lineWidth>1</lineWidth>
<points>
<point x="1286" y="578"/>
<point x="332" y="695"/>
</points>
</Connector>
<Connector class="oracle.dbtools.crest.swingui.relational.TVFKRelation" oid="B848FB98-9F0C-2471-5A48-99F9E1129274" otype="FKIndexAssociation" vid_source="B5AC4A34-BB1E-038E-C11F-CC28934D098C" vid_target="042C78A7-F344-425E-B87A-4459AF7C6F7F">
<hideElementsInCurrentOnly>false</hideElementsInCurrentOnly>
<backgroundColor>-16777216</backgroundColor>
<lineWidth>1</lineWidth>
<points>
<point x="1294" y="325"/>
<point x="1049" y="257"/>
</points>
</Connector>
<Connector class="oracle.dbtools.crest.swingui.relational.TVFKRelation" oid="CE1213A4-6622-AEEE-0077-FED4085E1F9A" otype="FKIndexAssociation" vid_source="E0A22637-D9A4-F144-7E71-384DB9CF4386" vid_target="1D768C0C-E72B-866E-92FE-53826EB936EE">
<hideElementsInCurrentOnly>false</hideElementsInCurrentOnly>
<backgroundColor>-16777216</backgroundColor>
<lineWidth>1</lineWidth>
<points>
<point x="1078" y="373"/>
<point x="676" y="1070"/>
</points>
</Connector>
<Connector class="oracle.dbtools.crest.swingui.relational.TVFKRelation" oid="CF3038AA-DE84-F1DF-EB67-1C40B985A57A" otype="FKIndexAssociation" vid_source="70C1BAF2-15C8-0B63-077A-3FD9ABD35594" vid_target="90A4C0F8-0D50-F96D-9468-9DE8633A418B">
<hideElementsInCurrentOnly>false</hideElementsInCurrentOnly>
<backgroundColor>-16777216</backgroundColor>
<lineWidth>1</lineWidth>
<points>
<point x="895" y="656"/>
<point x="332" y="656"/>
</points>
</Connector>
<Connector class="oracle.dbtools.crest.swingui.relational.TVFKRelation" oid="DEE637C1-1F52-9090-3AB6-2A6843B9FEE2" otype="FKIndexAssociation" vid_source="9FC7BE7C-881B-C51F-6A0E-1C6784BCE784" vid_target="060BFBCD-2D27-6638-CB96-6590B3B0E9FA">
<hideElementsInCurrentOnly>false</hideElementsInCurrentOnly>
<backgroundColor>-16777216</backgroundColor>
<lineWidth>1</lineWidth>
<points>
<point x="482" y="77"/>
<point x="593" y="77"/>
</points>
</Connector>
<Connector class="oracle.dbtools.crest.swingui.relational.TVFKRelation" oid="E1BFFCD8-8F45-CEE6-832A-58573ACB4AAD" otype="FKIndexAssociation" vid_source="0E594AB1-841F-679F-8F94-DFB47267686A" vid_target="1D4EB6C5-E296-2562-FCB9-8F948FC63D44">
<hideElementsInCurrentOnly>false</hideElementsInCurrentOnly>
<backgroundColor>-16777216</backgroundColor>
<lineWidth>1</lineWidth>
<points>
<point x="468" y="508"/>
<point x="468" y="546"/>
</points>
</Connector>
<Connector class="oracle.dbtools.crest.swingui.relational.TVFKRelation" oid="E521841D-6478-F908-DBE2-21D592439795" otype="FKIndexAssociation" vid_source="8045CD99-736A-AD6E-6DA0-74C2967FEF9C" vid_target="70F79D84-9FE7-5E25-0F9F-E3584DB4611C">
<hideElementsInCurrentOnly>false</hideElementsInCurrentOnly>
<backgroundColor>-16777216</backgroundColor>
<lineWidth>1</lineWidth>
<points>
<point x="625" y="319"/>
<point x="625" y="404"/>
</points>
</Connector>
<Connector class="oracle.dbtools.crest.swingui.relational.TVFKRelation" oid="EF72636B-E4F5-EB61-9559-A9BC6B714B3E" otype="FKIndexAssociation" vid_source="042C78A7-F344-425E-B87A-4459AF7C6F7F" vid_target="7B3A6A5E-7C3D-D9ED-81C8-00E8CAF9C548">
<hideElementsInCurrentOnly>false</hideElementsInCurrentOnly>
<backgroundColor>-16777216</backgroundColor>
<lineWidth>1</lineWidth>
<points>
<point x="977" y="270"/>
<point x="565" y="830"/>
</points>
</Connector>
<Connector class="oracle.dbtools.crest.swingui.relational.TVFKRelation" oid="F693C60F-C98F-1C1A-1479-A67B8D5AAEF1" otype="FKIndexAssociation" vid_source="E0A22637-D9A4-F144-7E71-384DB9CF4386" vid_target="CEAF7D0A-8948-9CCA-35E9-6ED3FD3E93A1">
<hideElementsInCurrentOnly>false</hideElementsInCurrentOnly>
<backgroundColor>-16777216</backgroundColor>
<lineWidth>1</lineWidth>
<points>
<point x="1081" y="373"/>
<point x="702" y="1130"/>
</points>
</Connector>
<Connector class="oracle.dbtools.crest.swingui.relational.TVFKRelation" oid="FFF56D73-1911-15F6-42CA-D1023DA991FF" otype="FKIndexAssociation" vid_source="216CF26E-71C6-E095-7CCE-AABAAAFB6DFB" vid_target="1D768C0C-E72B-866E-92FE-53826EB936EE">
<hideElementsInCurrentOnly>false</hideElementsInCurrentOnly>
<backgroundColor>-16777216</backgroundColor>
<lineWidth>1</lineWidth>
<points>
<point x="1297" y="608"/>
<point x="714" y="1070"/>
</points>
</Connector>
</connectors>
</Diagram>