<?xml version = '1.0' encoding = 'UTF-8'?>
<Relation class="oracle.dbtools.crest.model.design.logical.Relation" name="TiendaProducto" directorySegmentName="seg_0" id="06693CDC-2D3C-715E-712C-1DAF9F720805">
<createdBy>Gabriela</createdBy>
<createdTime>2023-10-01 23:13:13 UTC</createdTime>
<ownerDesignName>2intento</ownerDesignName>
<importedID>4C803C6D-441A-966D-C351-069765D4715C</importedID>
<engineerTo>
<item key="D2230F1B-22EC-F16A-D78C-589A39E4601E" value="true"/>
</engineerTo>
<sourcePk>03270F6A-2548-3E7C-DC44-3B8A0ECDAA10</sourcePk>
<identifying>false</identifying>
<optionalSource>false</optionalSource>
<optionalTarget>true</optionalTarget>
<sourceCardinality>1</sourceCardinality>
<sourceEntity>372C55E6-9B1B-C7D1-8269-8E12BC5DFD8B</sourceEntity>
<targetCardinalityString>*</targetCardinalityString>
<targetEntity>E13A46A2-1C8D-E0CE-90DC-F515B7548044</targetEntity>
<transferable>true</transferable>
<deleteRule>NO ACTION</deleteRule>
</Relation>