<?xml version = '1.0' encoding = 'UTF-8'?>
<Relation class="oracle.dbtools.crest.model.design.logical.Relation" name="Relation_32" directorySegmentName="seg_0" id="287F3203-DDF0-6E47-7959-766E1A07F837">
<createdBy>Gabriela</createdBy>
<createdTime>2023-10-01 23:13:13 UTC</createdTime>
<ownerDesignName>2intento</ownerDesignName>
<importedID>563CC6F2-54B8-AFA8-62AC-3E4FC21C8A9B</importedID>
<engineerTo>
<item key="D2230F1B-22EC-F16A-D78C-589A39E4601E" value="true"/>
</engineerTo>
<sourcePk>7E1FF313-DA60-B776-FB25-2D2E1D5487E7</sourcePk>
<identifying>false</identifying>
<optionalSource>false</optionalSource>
<optionalTarget>false</optionalTarget>
<sourceCardinality>1</sourceCardinality>
<sourceEntity>1886F603-253B-DC4E-892A-3120AB17C42D</sourceEntity>
<targetCardinalityString>*</targetCardinalityString>
<targetEntity>F2DF0CDB-8DFA-41D3-2A8C-F3A0D643864F</targetEntity>
<transferable>true</transferable>
<deleteRule>NO ACTION</deleteRule>
</Relation>