<?xml version = '1.0' encoding = 'UTF-8'?>
<Relation class="oracle.dbtools.crest.model.design.logical.Relation" name="RestPlato" directorySegmentName="seg_0" id="33EAC3AB-E512-A02E-5B66-E573B7B736FC">
<createdBy>Gabriela</createdBy>
<createdTime>2023-10-01 23:13:13 UTC</createdTime>
<ownerDesignName>2intento</ownerDesignName>
<importedID>BA09CF61-9B7D-7429-799E-6DBB21D3CB1E</importedID>
<engineerTo>
<item key="D2230F1B-22EC-F16A-D78C-589A39E4601E" value="true"/>
</engineerTo>
<identifying>false</identifying>
<optionalSource>false</optionalSource>
<optionalTarget>false</optionalTarget>
<sourceCardinality>*</sourceCardinality>
<sourceEntity>0AA80442-B24F-B35F-E54F-EE3BCB402A48</sourceEntity>
<targetCardinalityString>*</targetCardinalityString>
<targetEntity>E41B3AB2-D59A-8BFD-A0AF-D33E90B38C4B</targetEntity>
<transferable>true</transferable>
<deleteRule>NO ACTION</deleteRule>
</Relation>