<?xml version = '1.0' encoding = 'UTF-8'?>
<Relation class="oracle.dbtools.crest.model.design.logical.Relation" name="planConsumo" directorySegmentName="seg_0" id="35ABACD8-690E-5EA1-087A-82E80CFA73ED">
<createdBy>Gabriela</createdBy>
<createdTime>2023-10-01 23:13:13 UTC</createdTime>
<ownerDesignName>2intento</ownerDesignName>
<importedID>CEDEBC21-65A0-D3C0-F9D8-6530FBC48357</importedID>
<engineerTo>
<item key="D2230F1B-22EC-F16A-D78C-589A39E4601E" value="true"/>
</engineerTo>
<sourcePk>2CFAB59E-CCCC-8146-EB8D-B55F8526F032</sourcePk>
<targetPk>A13C0414-4545-C390-B12B-4FB7B544AFC1</targetPk>
<identifying>false</identifying>
<optionalSource>true</optionalSource>
<optionalTarget>true</optionalTarget>
<sourceCardinality>1</sourceCardinality>
<sourceEntity>26B55D13-ACEC-8D80-6441-6ED156A3DCFA</sourceEntity>
<targetCardinalityString>1</targetCardinalityString>
<targetEntity>155D3FE2-BAB4-5110-3D0B-72765A12E04F</targetEntity>
<transferable>true</transferable>
<deleteRule>NO ACTION</deleteRule>
</Relation>