<?xml version = '1.0' encoding = 'UTF-8'?>
<Relation class="oracle.dbtools.crest.model.design.logical.Relation" name="BarBebida" directorySegmentName="seg_0" id="3FD15070-BC9E-7251-F6CB-DF39848A3420">
<createdBy>Gabriela</createdBy>
<createdTime>2023-10-01 23:13:13 UTC</createdTime>
<ownerDesignName>2intento</ownerDesignName>
<importedID>BB87BA66-B446-4059-1418-0A88F3294F8A</importedID>
<engineerTo>
<item key="D2230F1B-22EC-F16A-D78C-589A39E4601E" value="true"/>
</engineerTo>
<identifying>false</identifying>
<optionalSource>false</optionalSource>
<optionalTarget>false</optionalTarget>
<sourceCardinality>*</sourceCardinality>
<sourceEntity>6D92F5B3-2F66-DFF3-4ECD-D5E62CD00AB7</sourceEntity>
<targetCardinalityString>*</targetCardinalityString>
<targetEntity>B9590D75-3B20-452C-78DA-2829C6270F0D</targetEntity>
<transferable>true</transferable>
<deleteRule>NO ACTION</deleteRule>
</Relation>