<?xml version = '1.0' encoding = 'UTF-8'?>
<Relation class="oracle.dbtools.crest.model.design.logical.Relation" name="productoConsumo" directorySegmentName="seg_0" id="4E4C411B-5E3A-D02B-A27A-071858A7F6C0">
<createdBy>Gabriela</createdBy>
<createdTime>2023-10-01 23:13:13 UTC</createdTime>
<ownerDesignName>2intento</ownerDesignName>
<importedID>ABC59688-586D-1698-C51E-21AFBF6B351A</importedID>
<engineerTo>
<item key="D2230F1B-22EC-F16A-D78C-589A39E4601E" value="true"/>
</engineerTo>
<sourcePk>5EB90175-4DB9-116C-1943-9E1B51EBB3A8</sourcePk>
<identifying>false</identifying>
<optionalSource>true</optionalSource>
<optionalTarget>true</optionalTarget>
<sourceCardinality>*</sourceCardinality>
<sourceEntity>E13A46A2-1C8D-E0CE-90DC-F515B7548044</sourceEntity>
<targetCardinalityString>*</targetCardinalityString>
<targetEntity>04E5083B-4941-41C1-37C5-968BE0B6F971</targetEntity>
<transferable>true</transferable>
<deleteRule>NO ACTION</deleteRule>
</Relation>