<?xml version = '1.0' encoding = 'UTF-8'?>
<Relation class="oracle.dbtools.crest.model.design.logical.Relation" name="tipoHab" directorySegmentName="seg_0" id="66D30939-9943-CF4C-9FBA-941CE6C697D1">
<createdBy>Gabriela</createdBy>
<createdTime>2023-10-01 23:13:13 UTC</createdTime>
<ownerDesignName>2intento</ownerDesignName>
<importedID>06B9DDE3-39DF-429B-D471-975628AEA497</importedID>
<engineerTo>
<item key="D2230F1B-22EC-F16A-D78C-589A39E4601E" value="true"/>
</engineerTo>
<sourcePk>589CEB0F-6FFF-F3B6-1AD3-652F681741DC</sourcePk>
<identifying>false</identifying>
<nameOnSource>habitaciones</nameOnSource>
<optionalSource>false</optionalSource>
<optionalTarget>false</optionalTarget>
<sourceCardinality>1</sourceCardinality>
<sourceEntity>8C0641B8-06E8-4F89-78F7-59FDD255A69E</sourceEntity>
<targetCardinalityString>*</targetCardinalityString>
<targetEntity>5E4D5BEE-112B-73BC-2323-F3A2ED2F6885</targetEntity>
<transferable>true</transferable>
<deleteRule>NO ACTION</deleteRule>
</Relation>