<?xml version = '1.0' encoding = 'UTF-8'?>
<Relation class="oracle.dbtools.crest.model.design.logical.Relation" name="Relation_20" directorySegmentName="seg_0" id="A438B014-B888-2501-B0DE-EF9C98B72FA5">
<createdBy>Gabriela</createdBy>
<createdTime>2023-10-01 23:13:13 UTC</createdTime>
<ownerDesignName>2intento</ownerDesignName>
<importedID>0A19E8C4-9EAC-5671-C280-2700517C38BA</importedID>
<engineerTo>
<item key="D2230F1B-22EC-F16A-D78C-589A39E4601E" value="true"/>
</engineerTo>
<sourcePk>45E769DD-553E-6E64-D84C-9C3AD1E58E9E</sourcePk>
<identifying>false</identifying>
<optionalSource>true</optionalSource>
<optionalTarget>true</optionalTarget>
<sourceCardinality>1</sourceCardinality>
<sourceEntity>04E5083B-4941-41C1-37C5-968BE0B6F971</sourceEntity>
<targetCardinalityString>*</targetCardinalityString>
<targetEntity>FC75CA20-0BA1-1793-9A38-FCEF70D85EC9</targetEntity>
<transferable>true</transferable>
<deleteRule>NO ACTION</deleteRule>
</Relation>