<?xml version = '1.0' encoding = 'UTF-8'?>
<Relation class="oracle.dbtools.crest.model.design.logical.Relation" name="Supermer_Producto" directorySegmentName="seg_0" id="C846EE08-6810-7898-523E-A4BB471810ED">
<createdBy>Gabriela</createdBy>
<createdTime>2023-10-01 23:13:13 UTC</createdTime>
<ownerDesignName>2intento</ownerDesignName>
<importedID>D0DA71EF-3460-52D3-CE39-66B70F06704A</importedID>
<engineerTo>
<item key="D2230F1B-22EC-F16A-D78C-589A39E4601E" value="true"/>
</engineerTo>
<sourcePk>71A28F3B-2239-239D-1F80-CAF4E51E8DEC</sourcePk>
<identifying>false</identifying>
<optionalSource>false</optionalSource>
<optionalTarget>true</optionalTarget>
<sourceCardinality>1</sourceCardinality>
<sourceEntity>1EC8D9F5-5C1C-A944-B23F-B58302B05C3A</sourceEntity>
<targetCardinalityString>*</targetCardinalityString>
<targetEntity>E13A46A2-1C8D-E0CE-90DC-F515B7548044</targetEntity>
<transferable>true</transferable>
<deleteRule>NO ACTION</deleteRule>
</Relation>