<?xml version = '1.0' encoding = 'UTF-8'?>
<Relation class="oracle.dbtools.crest.model.design.logical.Relation" name="ReservaHabitacion" directorySegmentName="seg_0" id="C885B6C1-984A-80E7-9AED-071E94462E5D">
<createdBy>Gabriela</createdBy>
<createdTime>2023-10-01 23:13:13 UTC</createdTime>
<ownerDesignName>2intento</ownerDesignName>
<importedID>11ABD647-8014-E527-1C8B-0BE9F6C95605</importedID>
<engineerTo>
<item key="D2230F1B-22EC-F16A-D78C-589A39E4601E" value="true"/>
</engineerTo>
<sourcePk>2CFAB59E-CCCC-8146-EB8D-B55F8526F032</sourcePk>
<identifying>false</identifying>
<nameOnSource>habitaciones</nameOnSource>
<nameOnTarget>reservaActual</nameOnTarget>
<optionalSource>false</optionalSource>
<optionalTarget>true</optionalTarget>
<sourceCardinality>1</sourceCardinality>
<sourceEntity>26B55D13-ACEC-8D80-6441-6ED156A3DCFA</sourceEntity>
<targetCardinalityString>*</targetCardinalityString>
<targetEntity>5E4D5BEE-112B-73BC-2323-F3A2ED2F6885</targetEntity>
<transferable>true</transferable>
<deleteRule>NO ACTION</deleteRule>
</Relation>