<?xml version = '1.0' encoding = 'UTF-8'?>
<Relation class="oracle.dbtools.crest.model.design.logical.Relation" name="GimnasioMaquinas" directorySegmentName="seg_0" id="D19B0C15-1951-0DBF-1048-B2DAD72B0750">
<createdBy>Gabriela</createdBy>
<createdTime>2023-10-01 23:13:13 UTC</createdTime>
<ownerDesignName>2intento</ownerDesignName>
<importedID>B54E6818-D9AE-CAD5-10B8-BD2FCFC155E2</importedID>
<engineerTo>
<item key="D2230F1B-22EC-F16A-D78C-589A39E4601E" value="true"/>
</engineerTo>
<sourcePk>2A43E664-BB7E-4702-1526-82B865B18EA0</sourcePk>
<identifying>true</identifying>
<optionalSource>false</optionalSource>
<optionalTarget>false</optionalTarget>
<sourceCardinality>1</sourceCardinality>
<sourceEntity>FC75CA20-0BA1-1793-9A38-FCEF70D85EC9</sourceEntity>
<targetCardinalityString>*</targetCardinalityString>
<targetEntity>379741CC-824C-8E34-209C-30BA9708C2F8</targetEntity>
<transferable>true</transferable>
<deleteRule>NO ACTION</deleteRule>
</Relation>