<?xml version = '1.0' encoding = 'UTF-8'?>
<Relation class="oracle.dbtools.crest.model.design.logical.Relation" name="Relation_30" directorySegmentName="seg_0" id="D2A73444-3C9E-1432-7B64-21DB371DC643">
<createdBy>Gabriela</createdBy>
<createdTime>2023-10-01 23:14:47 UTC</createdTime>
<ownerDesignName>2intento</ownerDesignName>
<engineerTo>
<item key="D2230F1B-22EC-F16A-D78C-589A39E4601E" value="true"/>
</engineerTo>
<sourcePk>8476EBA6-7CD2-7D11-CD49-864F641DBFCA</sourcePk>
<identifying>false</identifying>
<optionalSource>true</optionalSource>
<optionalTarget>false</optionalTarget>
<sourceCardinality>1</sourceCardinality>
<sourceEntity>256FEFE3-3F49-2506-63FC-74DB56633C31</sourceEntity>
<targetCardinalityString>*</targetCardinalityString>
<targetEntity>AFC4306D-0348-CEA6-1AFF-3BFF2FD40399</targetEntity>
<transferable>true</transferable>
<deleteRule>NO ACTION</deleteRule>
</Relation>