<?xml version = '1.0' encoding = 'UTF-8'?>
<Relation class="oracle.dbtools.crest.model.design.logical.Relation" name="RestBebida" directorySegmentName="seg_0" id="DBD24726-D8E1-72C3-A3F5-3E1CBB89ED1B">
<createdBy>Gabriela</createdBy>
<createdTime>2023-10-01 23:13:13 UTC</createdTime>
<ownerDesignName>2intento</ownerDesignName>
<importedID>B8006F25-24C7-9203-E1A3-25AB790D1B92</importedID>
<engineerTo>
<item key="D2230F1B-22EC-F16A-D78C-589A39E4601E" value="true"/>
</engineerTo>
<identifying>false</identifying>
<optionalSource>false</optionalSource>
<optionalTarget>false</optionalTarget>
<sourceCardinality>*</sourceCardinality>
<sourceEntity>0AA80442-B24F-B35F-E54F-EE3BCB402A48</sourceEntity>
<targetCardinalityString>*</targetCardinalityString>
<targetEntity>B9590D75-3B20-452C-78DA-2829C6270F0D</targetEntity>
<transferable>true</transferable>
<deleteRule>NO ACTION</deleteRule>
</Relation>