<?xml version = '1.0' encoding = 'UTF-8'?>
<Relation class="oracle.dbtools.crest.model.design.logical.Relation" name="Relation_17" directorySegmentName="seg_0" id="DC87337C-BDAF-1C5A-3F90-71AEDB27B7DB">
<createdBy>Gabriela</createdBy>
<createdTime>2023-10-01 23:13:13 UTC</createdTime>
<ownerDesignName>2intento</ownerDesignName>
<importedID>B9ADE231-8968-F537-BB0A-E02B3E9DC94A</importedID>
<engineerTo>
<item key="D2230F1B-22EC-F16A-D78C-589A39E4601E" value="true"/>
</engineerTo>
<sourcePk>45E769DD-553E-6E64-D84C-9C3AD1E58E9E</sourcePk>
<identifying>false</identifying>
<optionalSource>true</optionalSource>
<optionalTarget>true</optionalTarget>
<sourceCardinality>1</sourceCardinality>
<sourceEntity>04E5083B-4941-41C1-37C5-968BE0B6F971</sourceEntity>
<targetCardinalityString>*</targetCardinalityString>
<targetEntity>C48F8C47-4B57-30E7-1596-3E58C9E08AA7</targetEntity>
<transferable>true</transferable>
<deleteRule>NO ACTION</deleteRule>
</Relation>