<?xml version = '1.0' encoding = 'UTF-8'?>
<Relation class="oracle.dbtools.crest.model.design.logical.Relation" name="UsuarioReserva" directorySegmentName="seg_0" id="DF03467B-72BE-0358-257E-A0814B55188D">
<createdBy>Gabriela</createdBy>
<createdTime>2023-10-01 23:13:13 UTC</createdTime>
<ownerDesignName>2intento</ownerDesignName>
<importedID>5E7BF112-851C-8980-8482-29DB6F84A5FD</importedID>
<engineerTo>
<item key="D2230F1B-22EC-F16A-D78C-589A39E4601E" value="true"/>
</engineerTo>
<sourcePk>5BCD4C47-D757-8A1C-8A2C-EA4B5EACEE0B</sourcePk>
<identifying>false</identifying>
<optionalSource>false</optionalSource>
<optionalTarget>false</optionalTarget>
<sourceCardinality>1</sourceCardinality>
<sourceEntity>35E91187-D479-8ED2-4AEF-58EE49892C26</sourceEntity>
<targetCardinalityString>*</targetCardinalityString>
<targetEntity>26B55D13-ACEC-8D80-6441-6ED156A3DCFA</targetEntity>
<transferable>true</transferable>
<deleteRule>NO ACTION</deleteRule>
</Relation>