<?xml version = '1.0' encoding = 'UTF-8'?>
<Relation class="oracle.dbtools.crest.model.design.logical.Relation" name="Relation_19" directorySegmentName="seg_0" id="DF142351-E2E3-1C08-70AB-5EB53BB8E5FE">
<createdBy>Gabriela</createdBy>
<createdTime>2023-10-01 23:13:13 UTC</createdTime>
<ownerDesignName>2intento</ownerDesignName>
<importedID>61CB0951-FFF5-D5F1-E88A-55DD24BA2FE8</importedID>
<engineerTo>
<item key="D2230F1B-22EC-F16A-D78C-589A39E4601E" value="true"/>
</engineerTo>
<sourcePk>45E769DD-553E-6E64-D84C-9C3AD1E58E9E</sourcePk>
<identifying>false</identifying>
<optionalSource>true</optionalSource>
<optionalTarget>true</optionalTarget>
<sourceCardinality>1</sourceCardinality>
<sourceEntity>04E5083B-4941-41C1-37C5-968BE0B6F971</sourceEntity>
<targetCardinalityString>*</targetCardinalityString>
<targetEntity>40FCC7E1-B1F6-246F-E005-C511987CDBF9</targetEntity>
<transferable>true</transferable>
<deleteRule>NO ACTION</deleteRule>
</Relation>