<?xml version = '1.0' encoding = 'UTF-8'?>
<Relation class="oracle.dbtools.crest.model.design.logical.Relation" name="Relation_23" directorySegmentName="seg_0" id="E9F7DA9A-AD83-FDC2-EC89-57188AF5BBB5">
<createdBy>Gabriela</createdBy>
<createdTime>2023-10-01 23:13:13 UTC</createdTime>
<ownerDesignName>2intento</ownerDesignName>
<importedID>9437F7A7-0B18-5A0C-A929-F69B70019B64</importedID>
<engineerTo>
<item key="D2230F1B-22EC-F16A-D78C-589A39E4601E" value="true"/>
</engineerTo>
<sourcePk>45E769DD-553E-6E64-D84C-9C3AD1E58E9E</sourcePk>
<identifying>false</identifying>
<optionalSource>true</optionalSource>
<optionalTarget>true</optionalTarget>
<sourceCardinality>1</sourceCardinality>
<sourceEntity>04E5083B-4941-41C1-37C5-968BE0B6F971</sourceEntity>
<targetCardinalityString>*</targetCardinalityString>
<targetEntity>1886F603-253B-DC4E-892A-3120AB17C42D</targetEntity>
<transferable>true</transferable>
<deleteRule>NO ACTION</deleteRule>
</Relation>