<?xml version = '1.0' encoding = 'UTF-8'?>
<Relation class="oracle.dbtools.crest.model.design.logical.Relation" name="SpaReservaServicio" directorySegmentName="seg_0" id="EB2D5412-5CCE-F1C6-05DE-089B0D44342B">
<createdBy>Gabriela</createdBy>
<createdTime>2023-10-01 23:13:13 UTC</createdTime>
<ownerDesignName>2intento</ownerDesignName>
<importedID>DEF86DE9-B7D0-D839-1237-4B64190737EB</importedID>
<engineerTo>
<item key="D2230F1B-22EC-F16A-D78C-589A39E4601E" value="true"/>
</engineerTo>
<sourcePk>F28699B1-18BE-9EAE-7B56-0EC10A0A09CF</sourcePk>
<identifying>false</identifying>
<optionalSource>true</optionalSource>
<optionalTarget>true</optionalTarget>
<sourceCardinality>1</sourceCardinality>
<sourceEntity>C48F8C47-4B57-30E7-1596-3E58C9E08AA7</sourceEntity>
<targetCardinalityString>*</targetCardinalityString>
<targetEntity>9778DEC9-2E89-5294-2953-C4B06D2BEB5D</targetEntity>
<transferable>true</transferable>
<deleteRule>NO ACTION</deleteRule>
</Relation>