<?xml version = '1.0' encoding = 'UTF-8'?>
<Relation class="oracle.dbtools.crest.model.design.logical.Relation" name="platosConsumidos" directorySegmentName="seg_0" id="F3D8B420-1027-23CD-9BAB-F72E37F1AF3C">
<createdBy>Gabriela</createdBy>
<createdTime>2023-10-01 23:13:13 UTC</createdTime>
<ownerDesignName>2intento</ownerDesignName>
<importedID>518B983C-8167-A84D-6059-7FF93C0AE615</importedID>
<engineerTo>
<item key="D2230F1B-22EC-F16A-D78C-589A39E4601E" value="true"/>
</engineerTo>
<sourcePk>45E769DD-553E-6E64-D84C-9C3AD1E58E9E</sourcePk>
<identifying>false</identifying>
<optionalSource>true</optionalSource>
<optionalTarget>true</optionalTarget>
<sourceCardinality>*</sourceCardinality>
<sourceEntity>04E5083B-4941-41C1-37C5-968BE0B6F971</sourceEntity>
<targetCardinalityString>*</targetCardinalityString>
<targetEntity>E41B3AB2-D59A-8BFD-A0AF-D33E90B38C4B</targetEntity>
<transferable>true</transferable>
<deleteRule>NO ACTION</deleteRule>
</Relation>